Age,Gender,Weight,friends/Relatives,understanding parents,injury,fights,bullied,toxic relationship,stressed,missed classes,smoke,Alcohol,got drunk,drugs,attempted_suicide,bad experience
23,8,3,1,1,0,1,0,0,1,1,0,0,0,1,0,0
31,8,1,0,0,1,0,0,1,0,1,0,1,1,0,1,0
22,8,2,1,1,0,0,0,0,0,0,0,0,0,0,0,0
42,9,2,1,1,0,0,1,1,0,1,1,1,0,0,0,0
43,8,2,0,0,0,1,1,0,0,0,0,0,0,0,0,0
44,8,2,1,1,1,1,1,1,0,0,0,0,0,0,0,0
35,8,2,1,0,1,1,0,0,0,0,1,0,1,1,0,0
21,9,2,1,1,1,1,0,1,0,1,0,0,0,0,0,0
44,8,2,1,1,1,1,1,1,0,0,0,0,0,0,0,0
39,8,1,0,1,1,0,0,1,0,0,1,0,0,1,0,0
20,8,3,0,1,0,1,1,1,0,0,1,0,0,1,0,0
35,8,2,1,0,1,1,0,0,0,0,1,0,1,1,0,0
20,8,3,0,1,0,1,1,1,0,0,1,0,0,1,0,0
35,8,2,1,0,1,1,0,0,0,0,1,0,1,1,0,0
16,8,1,1,0,1,0,0,0,0,1,1,1,1,1,0,0
25,9,1,1,0,1,0,0,1,1,1,1,1,1,0,1,0
19,9,1,0,1,0,1,1,0,0,1,0,0,0,1,1,0
10,8,1,1,1,0,0,0,0,0,0,0,0,0,0,1,0
25,9,1,1,0,1,0,0,1,1,1,1,1,1,0,1,0
30,9,1,1,1,0,0,1,0,1,0,0,0,1,0,0,0
25,9,1,1,0,1,0,0,1,1,1,1,1,1,0,1,0
35,8,2,1,0,1,1,0,0,0,0,1,0,1,1,0,0
25,9,1,1,0,1,0,0,1,1,1,1,1,1,0,1,0
46,9,1,0,1,0,1,1,0,1,1,0,1,1,0,1,0
30,9,1,1,1,0,0,1,0,1,0,0,0,1,0,0,0
16,8,1,1,0,1,0,0,0,0,1,1,1,1,1,0,0
28,8,3,0,0,1,1,1,0,1,0,0,0,1,0,1,0
19,9,1,0,1,0,1,1,0,0,1,0,0,0,1,1,0
30,9,1,1,1,0,0,1,0,1,0,0,0,1,0,0,0
25,9,1,1,0,1,0,0,1,1,1,1,1,1,0,1,0
28,8,3,0,0,1,1,1,0,1,0,0,0,1,0,1,0
23,9,1,1,1,1,1,0,1,0,1,0,0,0,0,0,0
30,9,1,1,1,0,0,1,0,1,0,0,0,1,0,0,0
31,8,1,0,0,1,0,0,1,0,1,0,1,1,0,1,0
43,8,2,0,0,0,1,1,0,0,0,0,0,0,0,1,0
30,9,1,1,1,0,0,1,0,1,0,0,0,1,0,0,0
25,9,1,1,0,1,0,0,1,1,1,1,1,1,0,1,0
44,8,2,1,1,1,1,1,1,0,0,0,0,0,0,0,0
21,9,1,1,1,0,0,0,0,1,1,0,0,0,0,0,0
21,8,2,1,1,0,1,0,1,0,1,0,0,1,0,0,0
30,9,1,1,1,0,0,1,0,1,0,0,0,1,0,0,0
25,9,1,1,0,1,0,0,1,1,1,1,1,1,0,1,0
19,9,1,0,1,0,1,1,0,0,1,0,0,0,1,1,0
30,9,1,1,1,0,0,1,0,1,0,0,0,1,0,0,0
52,9,3,0,0,0,0,0,1,1,0,0,0,0,0,1,0
17,8,1,1,1,0,1,0,1,0,1,0,0,0,0,0,0
44,8,2,1,1,1,1,1,1,0,0,0,0,0,0,0,0
52,9,3,0,0,0,0,0,1,1,0,0,0,0,0,1,0
28,8,3,0,0,1,1,1,0,1,0,0,0,1,0,1,0
26,8,1,0,1,1,1,0,1,0,0,0,0,0,0,0,0
20,8,3,0,1,0,1,1,1,0,0,1,0,0,1,0,0
31,8,1,0,0,1,0,0,1,0,1,0,1,1,0,1,0
52,9,3,0,0,0,0,0,1,1,0,0,0,0,0,1,0
55,8,2,0,0,0,0,0,1,0,0,0,0,0,0,0,0
35,8,2,1,0,1,1,0,0,0,0,1,0,1,1,0,0
32,8,2,0,1,0,1,1,1,0,0,0,1,1,0,0,0
22,8,2,1,1,1,0,1,1,0,0,0,1,0,0,0,0
25,9,1,1,0,1,0,0,1,1,1,1,1,1,0,1,0
25,9,1,1,0,1,0,0,1,1,1,1,1,1,0,1,0
30,9,1,1,1,0,0,1,0,1,0,0,0,1,0,0,0
23,8,3,1,1,0,1,0,0,1,1,0,0,0,1,0,0
43,8,2,0,0,0,1,1,0,0,0,0,0,0,0,0,0
20,8,3,0,1,0,1,1,1,0,0,1,0,0,1,0,0
52,9,3,0,0,0,0,0,1,1,0,0,0,0,0,1,0
23,8,3,1,1,0,1,0,0,1,1,0,0,0,1,0,0
25,9,1,1,0,1,0,0,1,1,1,1,1,1,0,1,0
35,8,2,1,0,1,1,0,0,0,0,1,0,1,1,0,0
43,8,2,0,0,0,1,1,0,0,0,0,0,0,0,0,0
10,8,1,1,1,0,0,0,0,0,0,0,0,0,0,1,0
51,8,2,1,1,0,0,0,1,0,1,0,1,0,0,0,0
44,8,2,1,1,1,1,1,1,0,0,0,0,0,0,0,0
42,9,2,1,1,0,0,1,1,0,1,1,1,0,0,0,0
22,8,1,1,1,0,0,0,0,1,0,0,0,0,0,0,0
23,9,2,1,1,1,1,1,1,0,1,0,0,0,0,1,0
16,8,1,1,0,1,0,0,0,0,1,1,1,1,1,0,0
25,9,1,1,0,1,0,0,1,1,1,1,1,1,0,1,0
39,8,1,0,1,1,0,0,1,0,0,1,0,0,1,0,0
20,8,3,0,1,0,1,1,1,0,0,1,0,0,1,0,0
25,9,1,1,0,1,0,0,1,1,1,1,1,1,0,1,0
25,9,1,1,0,1,0,0,1,1,1,1,1,1,0,1,0
19,9,1,0,1,0,1,1,0,0,1,0,0,0,1,1,0
20,8,3,0,1,0,1,1,1,0,0,1,0,0,1,0,0
25,9,1,1,0,1,0,0,1,1,1,1,1,1,0,1,0
35,8,2,1,0,1,1,0,0,0,0,1,0,1,1,0,0
44,8,2,1,1,1,1,1,1,0,0,0,0,0,0,0,0
24,8,1,0,1,0,1,1,1,0,1,0,0,0,0,1,0
42,9,2,1,1,0,0,1,1,0,1,1,1,0,0,0,0
23,8,3,1,1,0,1,0,0,1,1,0,0,0,1,0,0
25,9,1,1,0,1,0,0,1,1,1,1,1,1,0,1,0
25,9,1,1,0,1,0,0,1,1,1,1,1,1,0,1,0
20,8,3,0,1,0,1,1,1,0,0,1,0,0,1,0,0
42,9,2,1,1,0,0,1,1,0,1,1,1,0,0,0,0
10,8,1,1,1,0,0,0,0,0,0,0,0,0,0,1,0
44,8,2,1,1,1,1,1,1,0,0,0,0,0,0,0,0
20,8,3,0,1,0,1,1,1,0,0,1,0,0,1,0,0
10,8,1,1,1,0,0,0,0,0,0,0,0,0,0,1,0
44,8,2,1,1,1,1,1,1,0,0,0,0,0,0,0,0
43,8,2,0,0,0,1,1,0,0,0,0,0,0,0,0,0
39,8,1,0,1,1,0,0,1,0,0,1,0,0,1,0,0
46,9,1,0,1,0,1,1,0,1,1,0,1,1,0,1,0
23,8,3,1,1,0,1,0,0,1,1,0,0,0,1,0,0
21,9,2,1,1,0,1,1,1,0,1,0,0,0,0,0,0
22,8,2,0,1,1,1,0,1,0,1,0,0,0,0,0,0
44,8,2,1,1,1,1,1,1,0,0,0,0,0,0,0,0
30,9,1,1,1,0,0,1,0,1,0,0,0,1,0,0,0
25,9,1,1,0,1,0,0,1,1,1,1,1,1,0,1,0
31,8,1,0,0,1,0,0,1,0,1,0,1,1,0,1,0
21,8,2,1,1,0,0,0,1,0,0,0,0,0,0,0,0
23,8,3,1,1,0,1,0,0,1,1,0,0,0,1,0,0
43,8,2,0,0,0,1,1,0,0,0,0,0,0,0,0,0
21,8,2,1,1,1,0,1,1,0,1,0,0,0,0,0,0
21,9,1,1,1,0,1,0,0,0,1,0,0,0,0,0,0
16,8,1,1,0,1,0,0,0,0,1,1,1,1,1,0,0
28,8,3,0,0,1,1,1,0,1,0,0,0,1,0,1,0
10,8,1,1,1,0,0,0,0,0,0,0,0,0,0,1,0
44,8,2,1,1,1,1,1,1,0,0,0,0,0,0,0,0
20,8,3,0,1,0,1,1,1,0,0,1,0,0,1,0,0
28,8,3,0,0,1,1,1,0,1,0,0,0,1,0,1,0
52,9,3,0,0,0,0,0,1,1,0,0,0,0,0,1,0
43,8,2,0,0,0,1,1,0,0,0,0,0,0,0,1,0
25,9,1,1,0,1,0,0,1,1,1,1,1,1,0,1,0
25,9,1,1,0,1,0,0,1,1,1,1,1,1,0,1,0
23,8,3,1,1,0,1,0,0,1,1,0,0,0,1,0,0
39,8,1,0,1,1,0,0,1,0,0,1,0,0,1,0,0
43,8,2,0,0,0,1,1,0,0,0,0,0,0,0,0,0
43,8,2,0,0,0,1,1,0,0,0,0,0,0,0,1,0
46,9,1,0,1,0,1,1,0,1,1,0,1,1,0,1,0
30,9,1,1,1,0,0,1,0,1,0,0,0,1,0,0,0
42,9,2,1,1,0,0,1,1,0,1,1,1,0,0,0,0
25,9,1,1,0,1,0,0,1,1,1,1,1,1,0,1,0
25,9,1,1,0,1,0,0,1,1,1,1,1,1,0,1,0
28,8,3,0,0,1,1,1,0,1,0,0,0,1,0,1,0
21,8,1,1,1,0,0,0,1,0,1,0,0,0,0,0,0
20,9,2,1,1,0,0,0,1,1,1,0,0,0,0,0,Many more 
52,9,3,0,0,0,0,0,1,1,0,0,0,0,0,1,0
22,8,2,0,0,1,0,0,1,0,1,0,0,0,0,1,0
22,8,2,1,0,1,0,0,1,0,1,0,0,0,0,1,0
35,8,2,1,0,1,1,0,0,0,0,1,0,1,1,0,0
43,8,2,0,0,0,1,1,0,0,0,0,0,0,0,0,0
22,8,2,1,1,1,0,1,1,0,0,0,1,0,0,0,0
28,8,3,0,0,1,1,1,0,1,0,0,0,1,0,1,0
23,8,2,0,1,0,1,0,1,0,1,0,0,0,0,0,0
39,8,1,0,1,1,0,0,1,0,0,1,0,0,1,0,0
19,9,1,0,1,0,1,1,0,0,1,0,0,0,1,1,0
16,8,1,1,0,1,0,0,0,0,1,1,1,1,1,0,0
43,8,2,0,0,0,1,1,0,0,0,0,0,0,0,0,0
43,8,2,0,0,0,1,1,0,0,0,0,0,0,0,0,0
25,9,1,1,0,1,0,0,1,1,1,1,1,1,0,1,0
25,9,1,1,0,1,0,0,1,1,1,1,1,1,0,1,0
43,8,2,0,0,0,1,1,0,0,0,0,0,0,0,0,0
20,8,3,0,1,0,1,1,1,0,0,1,0,0,1,0,0
28,8,3,0,0,1,1,1,0,1,0,0,0,1,0,1,0
44,8,2,1,1,1,1,1,1,0,0,0,0,0,0,0,0
43,8,2,0,0,0,1,1,0,0,0,0,0,0,0,1,0
10,8,1,1,1,0,0,0,0,0,0,0,0,0,0,1,0
39,8,1,0,1,1,0,0,1,0,0,1,0,0,1,0,0
20,8,3,0,1,0,1,1,1,0,0,1,0,0,1,0,0
31,8,1,0,0,1,0,0,1,0,1,0,1,1,0,1,0
16,8,1,1,0,1,0,0,0,0,1,1,1,1,1,0,0
35,9,2,1,1,0,0,0,1,0,1,0,0,0,0,0,0
25,9,1,1,0,1,0,0,1,1,1,1,1,1,0,1,0
21,9,1,1,1,0,1,0,0,0,1,0,0,0,0,0,0
20,8,3,0,1,0,1,1,1,0,0,1,0,0,1,0,0
20,8,3,0,1,0,1,1,1,0,0,1,0,0,1,0,0
21,9,2,1,1,0,0,0,1,0,0,0,0,0,0,0,0
20,8,3,0,1,0,1,1,1,0,0,1,0,0,1,0,0
20,8,3,0,1,0,1,1,1,0,0,1,0,0,1,0,0
42,9,2,1,1,0,0,1,1,0,1,1,1,0,0,0,0
30,9,1,1,1,0,0,1,0,1,0,0,0,1,0,0,0
42,9,2,1,1,0,0,1,1,0,1,1,1,0,0,0,0
30,9,2,0,1,0,1,1,1,0,0,0,0,0,0,0,0
52,9,3,0,0,0,0,0,1,1,0,0,0,0,0,1,0
10,8,1,1,1,0,0,0,0,0,0,0,0,0,0,1,0
16,8,1,1,0,1,0,0,0,0,1,1,1,1,1,0,0
21,8,3,1,1,0,0,0,0,0,1,0,0,0,0,0,0
46,9,1,0,1,0,1,1,0,1,1,0,1,1,0,1,0
39,8,1,0,1,1,0,0,1,0,0,1,0,0,1,0,0
25,9,1,1,0,1,0,0,1,1,1,1,1,1,0,1,0
42,9,2,1,1,0,0,1,1,0,1,1,1,0,0,0,0
23,8,3,1,1,0,1,0,0,1,1,0,0,0,1,0,0
22,8,2,1,1,0,0,0,1,0,0,0,0,0,0,0,0
19,9,1,0,1,0,1,1,0,0,1,0,0,0,1,1,0
52,9,3,0,0,0,0,0,1,1,0,0,0,0,0,1,0
13,9,1,1,0,0,1,1,1,1,1,0,0,0,0,1,Relationship issue
20,8,3,0,1,0,1,1,1,0,0,1,0,0,1,0,0
21,9,1,1,1,0,1,0,0,0,1,0,0,0,0,0,0
42,9,2,1,1,0,0,1,1,0,1,1,1,0,0,0,0
19,9,1,0,1,0,1,1,0,0,1,0,0,0,1,1,0
39,8,1,0,1,1,0,0,1,0,0,1,0,0,1,0,0
23,9,2,1,0,0,0,1,1,0,0,0,0,0,0,1,0
44,8,2,1,1,1,1,1,1,0,0,0,0,0,0,0,0
35,8,2,1,0,1,1,0,0,0,0,1,0,1,1,0,0
43,8,2,1,1,0,0,0,1,0,1,0,1,0,0,0,0
43,8,2,0,0,0,1,1,0,0,0,0,0,0,0,1,0
23,8,3,1,1,0,1,0,0,1,1,0,0,0,1,0,0
19,8,1,1,1,1,1,0,0,1,1,1,1,1,0,1,0
42,9,2,1,1,0,0,1,1,0,1,1,1,0,0,0,0
19,9,1,0,1,0,1,1,0,0,1,0,0,0,1,1,0
23,8,3,1,1,0,1,0,0,1,1,0,0,0,1,0,0
20,8,3,0,1,0,1,1,1,0,0,1,0,0,1,0,0
19,9,1,0,1,0,1,1,0,0,1,0,0,0,1,1,0
23,8,3,1,1,0,1,0,0,1,1,0,0,0,1,0,0
21,9,2,1,1,0,0,0,0,1,1,0,0,0,0,0,0
25,9,1,1,0,1,0,0,1,1,1,1,1,1,0,1,0
23,9,2,1,1,0,0,1,1,0,1,0,0,0,0,0,0
35,8,2,1,0,1,1,0,0,0,0,1,0,1,1,0,0
10,8,1,1,1,0,0,0,0,0,0,0,0,0,0,1,0
28,8,3,0,0,1,1,1,0,1,0,0,0,1,0,1,0
30,9,1,1,1,0,0,1,0,1,0,0,0,1,0,0,0
44,8,2,1,1,1,1,1,1,0,0,0,0,0,0,0,0
23,8,2,1,1,1,0,1,1,0,1,0,0,0,0,0,0
43,8,2,0,0,0,1,1,0,0,0,0,0,0,0,0,0
35,8,2,1,0,1,1,0,0,0,0,1,0,1,1,0,0
52,9,3,0,0,0,0,0,1,1,0,0,0,0,0,1,0
25,9,1,1,0,1,0,0,1,1,1,1,1,1,0,1,0
23,8,3,1,1,0,1,0,0,1,1,0,0,0,1,0,0
46,9,1,0,1,0,1,1,0,1,1,0,1,1,0,1,0
19,9,1,0,1,0,1,1,0,0,1,0,0,0,1,1,0
42,9,2,1,1,0,0,1,1,0,1,1,1,0,0,0,0
16,8,1,1,0,1,0,0,0,0,1,1,1,1,1,0,0
35,8,2,1,0,1,1,0,0,0,0,1,0,1,1,0,0
35,8,2,1,0,1,1,0,0,0,0,1,0,1,1,0,0
21,9,1,1,1,0,1,0,0,0,1,0,0,0,0,0,0
22,9,2,1,1,0,0,0,1,0,0,0,0,0,0,1,0
25,9,1,1,0,1,0,0,1,1,1,1,1,1,0,1,0
18,9,2,1,1,0,1,0,1,0,0,0,0,0,0,0,0
22,8,2,1,0,1,1,1,1,0,1,0,1,1,1,1,0
20,8,3,0,1,0,1,1,1,0,0,1,0,0,1,0,0
28,8,3,0,0,1,1,1,0,1,0,0,0,1,0,1,0
23,8,3,1,1,0,1,0,0,1,1,0,0,0,1,0,0
43,8,2,0,0,0,1,1,0,0,0,0,0,0,0,1,0
30,9,1,1,1,0,0,1,0,1,0,0,0,1,0,0,0
25,9,1,1,0,1,0,0,1,1,1,1,1,1,0,1,0
43,8,2,0,0,0,1,1,0,0,0,0,0,0,0,0,0
23,8,3,1,1,0,1,0,0,1,1,0,0,0,1,0,0
28,8,3,0,0,1,1,1,0,1,0,0,0,1,0,1,0
46,9,1,0,1,0,1,1,0,1,1,0,1,1,0,1,0
19,9,1,0,1,0,1,0,1,0,0,0,0,0,0,0,0
44,8,2,1,1,1,1,1,1,0,0,0,0,0,0,0,0
25,9,1,1,0,1,0,0,1,1,1,1,1,1,0,1,0
16,8,1,1,0,1,0,0,0,0,1,1,1,1,1,0,0
35,8,2,1,0,1,1,0,0,0,0,1,0,1,1,0,0
43,8,2,0,0,0,1,1,0,0,0,0,0,0,0,1,0
52,9,1,1,1,0,1,1,1,0,0,0,0,0,0,0,0
22,9,2,1,1,0,1,1,1,0,1,0,0,0,0,0,0
44,8,2,1,1,1,1,1,1,0,0,0,0,0,0,0,0
20,8,3,0,1,0,1,1,1,0,0,1,0,0,1,0,0
35,8,2,1,0,1,1,0,0,0,0,1,0,1,1,0,0
43,8,2,0,0,0,1,1,0,0,0,0,0,0,0,1,0
28,8,3,0,0,1,1,1,0,1,0,0,0,1,0,1,0
35,8,2,1,0,1,1,0,0,0,0,1,0,1,1,0,0
42,9,2,1,1,0,0,1,1,0,1,1,1,0,0,0,0
23,8,3,1,1,0,1,0,0,1,1,0,0,0,1,0,0
47,8,2,1,1,1,1,0,1,0,1,0,0,1,0,0,0
25,9,1,1,0,1,0,0,1,1,1,1,1,1,0,1,0
46,9,1,0,1,0,1,1,0,1,1,0,1,1,0,1,0
46,9,1,0,1,0,1,1,0,1,1,0,1,1,0,1,0
31,8,1,0,0,1,0,0,1,0,1,0,1,1,0,1,0
34,8,2,1,1,1,0,0,0,1,1,1,1,1,0,0,0
23,8,3,1,1,0,1,0,0,1,1,0,0,0,1,0,0
21,9,1,1,1,0,1,0,0,0,1,0,0,0,0,0,0
16,8,1,1,0,1,0,0,0,0,1,1,1,1,1,0,0
23,8,3,1,1,0,1,0,0,1,1,0,0,0,1,0,0
42,9,2,1,1,0,0,1,1,0,1,1,1,0,0,0,0
16,8,1,1,0,1,0,0,0,0,1,1,1,1,1,0,0
39,8,1,0,1,1,0,0,1,0,0,1,0,0,1,0,0
19,9,1,0,1,0,1,1,0,0,1,0,0,0,1,1,0
19,9,1,0,1,0,1,1,0,0,1,0,0,0,1,1,0
39,8,1,0,1,1,0,0,1,0,0,1,0,0,1,0,0
25,9,1,1,0,1,0,0,1,1,1,1,1,1,0,1,0
46,8,2,1,1,0,0,0,1,0,0,0,0,0,0,0,0
35,8,2,1,0,1,1,0,0,0,0,1,0,1,1,0,0
20,8,3,0,1,0,1,1,1,0,0,1,0,0,1,0,0
35,8,2,1,0,1,1,0,0,0,0,1,0,1,1,0,0
42,9,2,1,1,0,0,1,1,0,1,1,1,0,0,0,0
20,8,3,0,1,0,1,1,1,0,0,1,0,0,1,0,0
19,9,1,0,1,0,1,1,0,0,1,0,0,0,1,1,0
44,8,2,1,1,1,1,1,1,0,0,0,0,0,0,0,0
46,9,1,0,1,0,1,1,0,1,1,0,1,1,0,1,0
39,8,1,0,1,1,0,0,1,0,0,1,0,0,1,0,0
35,8,2,1,0,1,1,0,0,0,0,1,0,1,1,0,0
22,8,1,1,1,0,1,0,1,0,0,0,0,0,1,1,0
52,9,3,0,0,0,0,0,1,1,0,0,0,0,0,1,0
28,8,3,0,0,1,1,1,0,1,0,0,0,1,0,1,0
25,9,1,1,0,1,0,0,1,1,1,1,1,1,0,1,0
23,8,3,1,1,0,1,0,0,1,1,0,0,0,1,0,0
52,9,3,0,0,0,0,0,1,1,0,0,0,0,0,1,0
22,8,2,1,1,0,1,0,1,0,0,0,0,0,0,0,0
10,8,1,1,1,0,0,0,0,0,0,0,0,0,0,1,0
43,8,2,0,0,0,1,1,0,0,0,0,0,0,0,1,0
25,9,1,1,0,1,0,0,1,1,1,1,1,1,0,1,0
20,8,3,0,1,0,1,1,1,0,0,1,0,0,1,0,0
18,8,2,1,1,1,1,0,1,0,1,0,0,0,0,0,0
39,8,1,0,1,1,0,0,1,0,0,1,0,0,1,0,0
22,8,2,1,1,0,0,1,1,0,1,1,0,0,0,0,0
25,9,1,1,0,1,0,0,1,1,1,1,1,1,0,1,0
43,8,2,0,0,0,1,1,0,0,0,0,0,0,0,1,0
30,9,1,1,1,0,0,1,0,1,0,0,0,1,0,0,0
25,9,1,1,0,1,0,0,1,1,1,1,1,1,0,1,0
43,8,2,0,0,0,1,1,0,0,0,0,0,0,0,0,0
22,8,2,1,1,0,1,1,1,0,1,0,0,0,0,1,0
25,9,1,1,0,1,0,0,1,1,1,1,1,1,0,1,0
23,8,3,1,1,0,1,0,0,1,1,0,0,0,1,0,0
52,9,3,0,0,0,0,0,1,1,0,0,0,0,0,1,0
23,8,3,1,1,0,1,0,0,1,1,0,0,0,1,0,0
23,8,3,1,1,0,1,0,0,1,1,0,0,0,1,0,0
39,8,1,0,1,1,0,0,1,0,0,1,0,0,1,0,0
22,9,2,1,1,0,0,0,1,0,0,0,0,0,0,0,0
52,9,3,0,0,0,0,0,1,1,0,0,0,0,0,1,0
25,9,1,1,0,1,0,0,1,1,1,1,1,1,0,1,0
30,9,1,1,1,0,0,1,0,1,0,0,0,1,0,0,0
46,9,2,1,1,0,0,0,1,0,0,0,0,0,0,0,0
28,8,3,0,0,1,1,1,0,1,0,0,0,1,0,1,0
22,8,3,1,1,1,1,0,1,0,1,0,1,1,0,0,0
20,8,3,0,1,0,1,1,1,0,0,1,0,0,1,0,0
43,8,2,0,0,0,1,1,0,0,0,0,0,0,0,0,0
30,9,1,1,1,0,0,1,0,1,0,0,0,1,0,0,0
28,8,3,0,0,1,1,1,0,1,0,0,0,1,0,1,0
39,8,1,0,1,1,0,0,1,0,0,1,0,0,1,0,0
30,9,1,1,1,0,0,1,0,1,0,0,0,1,0,0,0
52,9,3,0,0,0,0,0,1,1,0,0,0,0,0,1,0
35,8,2,1,0,1,1,0,0,0,0,1,0,1,1,0,0
44,8,2,1,1,1,1,1,1,0,0,0,0,0,0,0,0
43,8,2,0,0,0,1,1,0,0,0,0,0,0,0,0,0
20,8,3,0,1,0,1,1,1,0,0,1,0,0,1,0,0
31,8,1,0,0,1,0,0,1,0,1,0,1,1,0,1,0
44,8,2,1,1,1,1,1,1,0,0,0,0,0,0,0,0
10,8,1,1,1,0,0,0,0,0,0,0,0,0,0,1,0
42,9,2,1,1,0,0,1,1,0,1,1,1,0,0,0,0
43,8,2,0,0,0,1,1,0,0,0,0,0,0,0,1,0
30,8,1,1,1,0,0,0,0,0,0,0,0,0,0,0,0
19,9,1,0,1,0,1,1,0,0,1,0,0,0,1,1,0
43,8,2,0,0,0,1,1,0,0,0,0,0,0,0,1,0
28,8,3,0,0,1,1,1,0,1,0,0,0,1,0,1,0
35,8,2,1,0,1,1,0,0,0,0,1,0,1,1,0,0
39,8,1,0,1,1,0,0,1,0,0,1,0,0,1,0,0
43,8,2,0,0,0,1,1,0,0,0,0,0,0,0,0,0
30,8,2,1,0,1,1,1,1,0,1,1,1,1,1,0,0
39,8,1,0,1,1,0,0,1,0,0,1,0,0,1,0,0
23,8,3,1,1,0,1,0,0,1,1,0,0,0,1,0,0
52,9,3,0,0,0,0,0,1,1,0,0,0,0,0,1,0
42,9,2,1,1,0,0,1,1,0,1,1,1,0,0,0,0
43,8,2,0,0,0,1,1,0,0,0,0,0,0,0,1,0
35,8,2,1,0,1,1,0,0,0,0,1,0,1,1,0,0
43,8,2,0,0,0,1,1,0,0,0,0,0,0,0,0,0
44,8,2,1,1,1,1,1,1,0,0,0,0,0,0,0,0
46,9,1,0,1,0,1,1,0,1,1,0,1,1,0,1,0
25,9,1,1,0,1,0,0,1,1,1,1,1,1,0,1,0
25,9,1,1,0,1,0,0,1,1,1,1,1,1,0,1,0
46,9,1,0,1,0,1,1,0,1,1,0,1,1,0,1,0
16,8,1,1,0,1,0,0,0,0,1,1,1,1,1,0,0
10,8,1,1,1,0,0,0,0,0,0,0,0,0,0,1,0
20,8,3,0,1,0,1,1,1,0,0,1,0,0,1,0,0
16,8,1,1,0,1,0,0,0,0,1,1,1,1,1,0,0
28,8,3,0,0,1,1,1,0,1,0,0,0,1,0,1,0
31,8,1,0,0,1,0,0,1,0,1,0,1,1,0,1,0
21,9,1,1,1,0,1,0,0,0,1,0,0,0,0,0,0
30,9,1,1,1,0,0,1,0,1,0,0,0,1,0,0,0
22,8,2,1,1,1,0,1,1,0,0,0,1,0,0,0,0
20,8,3,0,1,0,1,1,1,0,0,1,0,0,1,0,0
19,9,1,0,1,0,1,1,0,0,1,0,0,0,1,1,0
10,8,1,1,1,0,0,0,0,0,0,0,0,0,0,1,0
16,8,1,1,0,1,0,0,0,0,1,1,1,1,1,0,0
42,9,2,1,1,0,0,1,1,0,1,1,1,0,0,0,0
52,9,3,0,0,0,0,0,1,1,0,0,0,0,0,1,0
25,9,1,1,0,1,0,0,1,1,1,1,1,1,0,1,0
23,8,3,1,1,0,1,0,0,1,1,0,0,0,1,0,0
25,9,1,1,0,1,0,0,1,1,1,1,1,1,0,1,0
10,8,1,1,1,0,0,0,0,0,0,0,0,0,0,1,0
43,8,2,0,0,0,1,1,0,0,0,0,0,0,0,0,0
19,9,1,0,1,0,1,1,0,0,1,0,0,0,1,1,0
44,8,2,1,1,1,1,1,1,0,0,0,0,0,0,0,0
43,8,2,0,0,0,1,1,0,0,0,0,0,0,0,1,0
20,8,3,0,1,0,1,1,1,0,0,1,0,0,1,0,0
42,9,2,1,1,0,0,1,1,0,1,1,1,0,0,0,0
46,9,1,0,1,0,1,1,0,1,1,0,1,1,0,1,0
20,8,2,1,1,0,0,0,1,0,0,0,0,0,0,0,0
35,8,2,1,0,1,1,0,0,0,0,1,0,1,1,0,0
25,9,1,1,0,1,0,0,1,1,1,1,1,1,0,1,0
30,9,1,1,1,0,0,1,0,1,0,0,0,1,0,0,0
10,8,1,1,1,0,0,0,0,0,0,0,0,0,0,1,0
23,8,3,1,1,0,1,0,0,1,1,0,0,0,1,0,0
44,8,2,1,1,1,1,1,1,0,0,0,0,0,0,0,0
25,9,1,1,0,1,0,0,1,1,1,1,1,1,0,1,0
22,8,2,1,1,1,0,1,1,0,0,0,1,0,0,0,0
35,8,2,1,0,1,1,0,0,0,0,1,0,1,1,0,0
25,9,1,1,0,1,0,0,1,1,1,1,1,1,0,1,0
30,9,1,1,1,0,0,1,0,1,0,0,0,1,0,0,0
52,9,3,0,0,0,0,0,1,1,0,0,0,0,0,1,0
31,8,1,0,0,1,0,0,1,0,1,0,1,1,0,1,0
28,8,3,0,0,1,1,1,0,1,0,0,0,1,0,1,0
20,8,3,0,1,0,1,1,1,0,0,1,0,0,1,0,0
46,9,1,0,1,0,1,1,0,1,1,0,1,1,0,1,0
43,8,2,0,0,0,1,1,0,0,0,0,0,0,0,1,0
28,8,3,0,0,1,1,1,0,1,0,0,0,1,0,1,0
16,8,1,1,0,1,0,0,0,0,1,1,1,1,1,0,0
25,9,1,1,0,1,0,0,1,1,1,1,1,1,0,1,0
16,8,1,1,0,1,0,0,0,0,1,1,1,1,1,0,0
28,8,3,0,0,1,1,1,0,1,0,0,0,1,0,1,0
46,9,1,0,1,0,1,1,0,1,1,0,1,1,0,1,0
23,8,3,1,1,0,1,0,0,1,1,0,0,0,1,0,0
31,8,1,0,0,1,0,0,1,0,1,0,1,1,0,1,0
35,8,2,1,0,1,1,0,0,0,0,1,0,1,1,0,0
40,8,1,1,1,0,0,0,1,0,1,0,1,1,0,0,0
43,8,2,0,0,0,1,1,0,0,0,0,0,0,0,0,0
43,8,2,0,0,0,1,1,0,0,0,0,0,0,0,0,0
23,8,2,1,1,0,1,0,1,0,1,0,0,1,0,1,0
31,8,1,0,0,1,0,0,1,0,1,0,1,1,0,1,0
28,8,3,0,0,1,1,1,0,1,0,0,0,1,0,1,0
24,9,2,1,1,0,1,0,1,0,1,0,0,0,0,0,0
31,8,1,0,0,1,0,0,1,0,1,0,1,1,0,1,0
22,8,3,1,0,1,0,1,0,1,1,0,1,0,0,0,0
20,8,1,1,1,0,1,1,1,0,0,0,0,0,0,1,0
28,8,3,0,0,1,1,1,0,1,0,0,0,1,0,1,0
25,9,1,1,0,1,0,0,1,1,1,1,1,1,0,1,0
26,9,2,1,1,0,0,0,1,0,1,0,0,0,0,0,0
43,8,2,0,0,0,1,1,0,0,0,0,0,0,0,1,0
20,8,3,0,1,0,1,1,1,0,0,1,0,0,1,0,0
45,8,1,1,1,0,1,0,1,0,1,0,0,0,0,0,0
43,8,2,0,0,0,1,1,0,0,0,0,0,0,0,0,0
46,9,1,0,1,0,1,1,0,1,1,0,1,1,0,1,0
21,8,2,1,1,1,1,1,1,0,1,0,0,1,0,0,0
46,9,1,0,1,0,1,1,0,1,1,0,1,1,0,1,0
35,8,2,1,0,1,1,0,0,0,0,1,0,1,1,0,0
37,9,1,1,1,0,0,0,1,0,1,0,0,0,0,0,0
44,8,2,1,1,1,1,1,1,0,0,0,0,0,0,0,0
30,9,1,1,1,0,0,1,0,1,0,0,0,1,0,0,0
43,8,2,0,0,0,1,1,0,0,0,0,0,0,0,0,0
25,9,1,1,0,1,0,0,1,1,1,1,1,1,0,1,0
43,8,2,0,0,0,1,1,0,0,0,0,0,0,0,1,0
23,8,3,1,1,0,1,0,0,1,1,0,0,0,1,0,0
23,8,2,1,1,1,0,0,1,0,1,0,0,0,0,0,0
10,8,1,1,1,0,0,0,0,0,0,0,0,0,0,1,0
52,9,3,0,0,0,0,0,1,1,0,0,0,0,0,1,0
23,8,3,1,1,0,1,0,0,1,1,0,0,0,1,0,0
10,8,1,1,1,0,0,0,0,0,0,0,0,0,0,1,0
35,8,2,1,0,1,1,0,0,0,0,1,0,1,1,0,0
25,9,1,1,0,1,0,0,1,1,1,1,1,1,0,1,0
31,8,1,0,0,1,0,0,1,0,1,0,1,1,0,1,0
52,9,3,0,0,0,0,0,1,1,0,0,0,0,0,1,0
23,8,3,1,1,0,1,0,0,1,1,0,0,0,1,0,0
35,8,2,1,0,1,1,0,0,0,0,1,0,1,1,0,0
23,8,3,1,1,0,1,0,0,1,1,0,0,0,1,0,0
30,9,1,1,1,0,0,1,0,1,0,0,0,1,0,0,0
19,9,1,0,1,0,1,1,0,0,1,0,0,0,1,1,0
25,9,1,1,0,1,0,0,1,1,1,1,1,1,0,1,0
28,8,3,0,0,1,1,1,0,1,0,0,0,1,0,1,0
43,8,2,0,0,0,1,1,0,0,0,0,0,0,0,1,0
39,8,1,0,1,1,0,0,1,0,0,1,0,0,1,0,0
43,8,2,0,0,0,1,1,0,0,0,0,0,0,0,0,0
20,8,2,1,0,1,1,1,1,0,1,0,0,1,0,1,0
21,9,2,1,1,0,0,0,1,0,0,0,0,0,0,0,0
28,8,3,0,0,1,1,1,0,1,0,0,0,1,0,1,0
21,8,2,0,0,0,0,0,1,0,0,0,0,0,0,0,0
10,8,1,1,1,0,0,0,0,0,0,0,0,0,0,1,0
22,8,2,1,0,0,1,1,1,0,0,0,0,0,0,0,0
16,8,1,1,0,1,0,0,0,0,1,1,1,1,1,0,0
31,8,1,0,0,1,0,0,1,0,1,0,1,1,0,1,0
52,9,3,0,0,0,0,0,1,1,0,0,0,0,0,1,0
39,8,1,0,1,1,0,0,1,0,0,1,0,0,1,0,0
42,9,2,1,1,0,0,1,1,0,1,1,1,0,0,0,0
31,8,1,0,0,1,0,0,1,0,1,0,1,1,0,1,0
28,8,3,0,0,1,1,1,0,1,0,0,0,1,0,1,0
16,8,1,1,0,1,0,0,0,0,1,1,1,1,1,0,0
19,9,1,0,1,0,1,1,0,0,1,0,0,0,1,1,0
10,8,1,1,1,0,0,0,0,0,0,0,0,0,0,1,0
28,8,3,0,0,1,1,1,0,1,0,0,0,1,0,1,0
16,8,1,1,0,1,0,0,0,0,1,1,1,1,1,0,0
19,9,1,0,1,0,1,1,0,0,1,0,0,0,1,1,0
43,8,2,0,0,0,1,1,0,0,0,0,0,0,0,1,0
25,9,1,1,0,1,0,0,1,1,1,1,1,1,0,1,0
22,8,2,1,1,0,0,0,1,0,0,0,0,0,0,0,0
31,8,1,0,0,1,0,0,1,0,1,0,1,1,0,1,0
46,9,1,0,1,0,1,1,0,1,1,0,1,1,0,1,0
28,8,3,0,0,1,1,1,0,1,0,0,0,1,0,1,0
19,9,1,0,1,0,1,1,0,0,1,0,0,0,1,1,0
21,8,2,0,1,0,0,0,1,0,1,0,0,0,0,0,0
10,8,1,1,1,0,0,0,0,0,0,0,0,0,0,1,0
22,8,2,1,1,1,1,0,1,0,1,0,0,0,0,0,0
25,9,1,1,0,1,0,0,1,1,1,1,1,1,0,1,0
23,8,3,1,1,0,1,0,0,1,1,0,0,0,1,0,0
42,9,2,1,1,0,0,1,1,0,1,1,1,0,0,0,0
16,8,1,1,0,1,0,0,0,0,1,1,1,1,1,0,0
39,8,1,0,1,1,0,0,1,0,0,1,0,0,1,0,0
19,9,1,0,1,0,1,1,0,0,1,0,0,0,1,1,0
19,9,1,0,1,0,1,1,0,0,1,0,0,0,1,1,0
30,9,1,1,1,0,0,1,0,1,0,0,0,1,0,0,0
42,9,2,1,1,0,0,1,1,0,1,1,1,0,0,0,0
43,8,2,0,0,0,1,1,0,0,0,0,0,0,0,0,0
43,8,2,0,0,0,1,1,0,0,0,0,0,0,0,0,0
10,8,1,1,1,0,0,0,0,0,0,0,0,0,0,1,0
35,8,2,1,0,1,1,0,0,0,0,1,0,1,1,0,0
20,8,3,0,1,0,1,1,1,0,0,1,0,0,1,0,0
46,9,1,0,1,0,1,1,0,1,1,0,1,1,0,1,0
22,8,2,1,1,1,1,1,1,0,1,0,0,1,1,1,0
20,8,3,0,1,0,1,1,1,0,0,1,0,0,1,0,0
25,9,1,1,0,1,0,0,1,1,1,1,1,1,0,1,0
35,8,2,1,0,1,1,0,0,0,0,1,0,1,1,0,0
44,8,2,1,1,1,1,1,1,0,0,0,0,0,0,0,0
43,8,2,0,0,0,1,1,0,0,0,0,0,0,0,1,0
43,8,2,0,0,0,1,1,0,0,0,0,0,0,0,1,0
43,8,2,0,0,0,1,1,0,0,0,0,0,0,0,1,0
22,9,2,1,1,0,1,1,1,0,1,0,0,0,0,1,0
42,9,2,1,1,0,0,1,1,0,1,1,1,0,0,0,0
10,8,1,1,1,0,0,0,0,0,0,0,0,0,0,1,0
25,9,1,1,0,1,0,0,1,1,1,1,1,1,0,1,0
42,9,2,1,1,0,0,1,1,0,1,1,1,0,0,0,0
52,9,3,0,0,0,0,0,1,1,0,0,0,0,0,1,0
21,8,2,1,1,0,1,1,1,0,1,0,0,0,0,0,0
21,9,1,1,1,0,1,0,0,0,1,0,0,0,0,0,0
21,9,1,1,1,0,1,0,0,0,1,0,0,0,0,0,0
23,9,2,1,1,0,1,0,1,0,1,0,0,0,0,0,0
25,9,1,1,0,1,0,0,1,1,1,1,1,1,0,1,0
43,8,2,0,0,0,1,1,0,0,0,0,0,0,0,0,0
21,9,2,1,1,0,1,1,1,0,1,0,0,0,0,0,0
21,9,1,1,1,0,1,0,0,0,1,0,0,0,0,0,0
18,8,2,1,1,0,0,0,1,0,1,0,0,0,0,0,0
43,8,2,0,0,0,1,1,0,0,0,0,0,0,0,0,0
44,8,2,1,1,1,1,1,1,0,0,0,0,0,0,0,0
16,8,1,1,0,1,0,0,0,0,1,1,1,1,1,0,0
44,8,2,1,1,1,1,1,1,0,0,0,0,0,0,0,0
39,8,1,0,1,1,0,0,1,0,0,1,0,0,1,0,0
25,9,1,1,0,1,0,0,1,1,1,1,1,1,0,1,0
19,9,1,0,1,0,1,1,0,0,1,0,0,0,1,1,0
42,9,2,1,1,0,0,1,1,0,1,1,1,0,0,0,0
31,8,1,0,0,1,0,0,1,0,1,0,1,1,0,1,0
35,8,2,1,0,1,1,0,0,0,0,1,0,1,1,0,0
23,8,3,1,1,0,1,0,0,1,1,0,0,0,1,0,0
23,8,3,1,1,0,1,0,0,1,1,0,0,0,1,0,0
25,9,1,1,0,1,0,0,1,1,1,1,1,1,0,1,0
16,8,1,1,0,1,0,0,0,0,1,1,1,1,1,0,0
42,9,2,1,1,0,0,1,1,0,1,1,1,0,0,0,0
39,8,1,0,1,1,0,0,1,0,0,1,0,0,1,0,0
28,8,1,1,1,0,1,0,1,0,1,0,0,0,0,0,0
39,8,1,0,1,1,0,0,1,0,0,1,0,0,1,0,0
25,9,1,1,0,1,0,0,1,1,1,1,1,1,0,1,0
30,9,1,1,1,0,0,1,0,1,0,0,0,1,0,0,0
52,9,3,0,0,0,0,0,1,1,0,0,0,0,0,1,0
55,8,3,1,1,0,0,1,1,0,0,0,0,0,0,0,0
39,8,1,0,1,1,0,0,1,0,0,1,0,0,1,0,0
44,8,2,1,1,1,1,1,1,0,0,0,0,0,0,0,0
43,8,2,0,0,0,1,1,0,0,0,0,0,0,0,0,0
20,8,2,0,0,1,0,0,1,0,1,0,1,0,0,1,0
28,8,3,0,0,1,1,1,0,1,0,0,0,1,0,1,0
10,8,1,1,1,0,0,0,0,0,0,0,0,0,0,1,0
25,9,1,1,0,1,0,0,1,1,1,1,1,1,0,1,0
44,8,2,1,1,1,1,1,1,0,0,0,0,0,0,0,0
46,9,1,0,1,0,1,1,0,1,1,0,1,1,0,1,0
25,9,1,1,0,1,0,0,1,1,1,1,1,1,0,1,0
19,9,1,0,1,0,1,1,0,0,1,0,0,0,1,1,0
16,8,1,1,0,1,0,0,0,0,1,1,1,1,1,0,0
25,9,1,1,0,1,0,0,1,1,1,1,1,1,0,1,0
46,9,1,0,1,0,1,1,0,1,1,0,1,1,0,1,0
46,9,1,0,1,0,1,1,0,1,1,0,1,1,0,1,0
42,9,2,1,1,0,0,1,1,0,1,1,1,0,0,0,0
44,8,2,1,1,1,1,1,1,0,0,0,0,0,0,0,0
43,8,2,0,0,0,1,1,0,0,0,0,0,0,0,1,0
35,8,2,1,0,1,1,0,0,0,0,1,0,1,1,0,0
28,8,3,0,0,1,1,1,0,1,0,0,0,1,0,1,0
21,9,1,1,1,1,0,0,0,1,0,0,0,0,0,0,0
24,8,1,1,1,0,1,1,1,0,1,1,1,1,1,1,0
22,9,2,1,1,1,0,0,1,0,0,0,0,0,0,0,0
43,8,2,0,0,0,1,1,0,0,0,0,0,0,0,1,0
21,8,2,1,1,1,1,0,1,0,1,0,0,0,0,0,0
23,8,3,1,1,0,1,0,0,1,1,0,0,0,1,0,0
21,9,1,1,1,0,1,0,0,0,1,0,0,0,0,0,0
44,8,2,1,1,1,1,1,1,0,0,0,0,0,0,0,0
16,8,1,1,0,1,0,0,0,0,1,1,1,1,1,0,0
21,9,1,1,1,1,1,1,1,0,1,0,0,0,0,1,0
30,9,1,1,1,0,0,1,0,1,0,0,0,1,0,0,0
46,9,1,0,1,0,1,1,0,1,1,0,1,1,0,1,0
20,8,3,0,1,0,1,1,1,0,0,1,0,0,1,0,0
10,8,1,1,1,0,0,0,0,0,0,0,0,0,0,1,0
46,9,1,0,1,0,1,1,0,1,1,0,1,1,0,1,0
52,9,3,0,0,0,0,0,1,1,0,0,0,0,0,1,0
22,8,2,1,1,1,0,1,1,0,0,0,1,0,0,0,0
43,8,2,0,0,0,1,1,0,0,0,0,0,0,0,0,0
46,9,1,0,1,0,1,1,0,1,1,0,1,1,0,1,0
10,8,1,1,1,0,0,0,0,0,0,0,0,0,0,1,0
25,9,1,1,0,1,0,0,1,1,1,1,1,1,0,1,0
16,8,1,1,0,1,0,0,0,0,1,1,1,1,1,0,0
43,8,2,0,0,0,1,1,0,0,0,0,0,0,0,1,0
16,8,1,1,0,1,0,0,0,0,1,1,1,1,1,0,0
44,8,2,1,1,1,1,1,1,0,0,0,0,0,0,0,0
31,8,1,0,0,1,0,0,1,0,1,0,1,1,0,1,0
20,8,3,0,1,0,1,1,1,0,0,1,0,0,1,0,0
43,8,2,0,0,0,1,1,0,0,0,0,0,0,0,0,0
19,9,1,0,1,0,1,1,0,0,1,0,0,0,1,1,0
30,9,1,1,1,0,0,1,0,1,0,0,0,1,0,0,0
20,8,3,0,1,0,1,1,1,0,0,1,0,0,1,0,0
52,9,3,0,0,0,0,0,1,1,0,0,0,0,0,1,0
46,9,1,0,1,0,1,1,0,1,1,0,1,1,0,1,0
43,8,2,0,0,0,1,1,0,0,0,0,0,0,0,0,0
28,8,3,0,0,1,1,1,0,1,0,0,0,1,0,1,0
19,9,1,0,1,0,1,1,0,0,1,0,0,0,1,1,0
31,8,1,0,0,1,0,0,1,0,1,0,1,1,0,1,0
10,8,1,1,1,0,0,0,0,0,0,0,0,0,0,1,0
16,8,1,1,0,1,0,0,0,0,1,1,1,1,1,0,0
52,9,3,0,0,0,0,0,1,1,0,0,0,0,0,1,0
19,9,1,0,1,0,1,1,0,0,1,0,0,0,1,1,0
22,9,2,1,1,0,1,0,1,0,1,0,0,0,0,0,0
25,9,1,1,0,1,0,0,1,1,1,1,1,1,0,1,0
21,8,2,1,1,0,1,0,1,0,1,0,0,0,0,0,0
25,9,1,1,0,1,0,0,1,1,1,1,1,1,0,1,0
46,9,1,0,1,0,1,1,0,1,1,0,1,1,0,1,0
20,8,3,0,1,0,1,1,1,0,0,1,0,0,1,0,0
10,8,1,1,1,0,0,0,0,0,0,0,0,0,0,1,0
30,9,1,1,1,0,0,1,0,1,0,0,0,1,0,0,0
31,8,1,0,0,1,0,0,1,0,1,0,1,1,0,1,0
18,8,2,1,1,0,1,0,1,0,1,0,0,0,0,0,0
31,8,1,0,0,1,0,0,1,0,1,0,1,1,0,1,0
43,8,2,0,0,0,1,1,0,0,0,0,0,0,0,0,0
10,8,1,1,1,0,0,0,0,0,0,0,0,0,0,1,0
43,8,2,0,0,0,1,1,0,0,0,0,0,0,0,0,0
43,8,2,0,0,0,1,1,0,0,0,0,0,0,0,1,0
43,8,2,0,0,0,1,1,0,0,0,0,0,0,0,0,0
25,9,1,1,0,1,0,0,1,1,1,1,1,1,0,1,0
23,8,1,1,1,1,0,0,1,0,0,0,0,0,0,0,0
25,9,1,1,0,1,0,0,1,1,1,1,1,1,0,1,0
25,9,1,1,0,1,0,0,1,1,1,1,1,1,0,1,0
23,8,3,1,1,0,1,0,0,1,1,0,0,0,1,0,0
25,9,1,1,0,1,0,0,1,1,1,1,1,1,0,1,0
28,8,3,0,0,1,1,1,0,1,0,0,0,1,0,1,0
46,9,1,0,1,0,1,1,0,1,1,0,1,1,0,1,0
30,9,1,1,1,0,0,1,0,1,0,0,0,1,0,0,0
35,8,2,1,0,1,1,0,0,0,0,1,0,1,1,0,0
39,8,1,0,1,1,0,0,1,0,0,1,0,0,1,0,0
31,8,1,0,0,1,0,0,1,0,1,0,1,1,0,1,0
52,9,3,0,0,0,0,0,1,1,0,0,0,0,0,1,0
43,8,2,0,0,0,1,1,0,0,0,0,0,0,0,1,0
25,9,1,1,0,1,0,0,1,1,1,1,1,1,0,1,0
19,9,1,0,1,0,1,1,0,0,1,0,0,0,1,1,0
44,8,2,1,1,1,1,1,1,0,0,0,0,0,0,0,0
42,9,2,1,1,0,0,1,1,0,1,1,1,0,0,0,0
10,8,1,1,1,0,0,0,0,0,0,0,0,0,0,1,0
30,9,1,1,1,0,0,1,0,1,0,0,0,1,0,0,0
21,8,2,1,1,0,0,0,1,0,1,0,0,1,1,0,0
20,8,3,0,1,0,1,1,1,0,0,1,0,0,1,0,0
25,9,1,1,0,1,0,0,1,1,1,1,1,1,0,1,0
20,8,3,0,1,0,1,1,1,0,0,1,0,0,1,0,0
42,9,2,1,1,0,0,1,1,0,1,1,1,0,0,0,0
30,9,1,1,1,0,0,1,0,1,0,0,0,1,0,0,0
30,9,1,1,1,0,0,1,0,1,0,0,0,1,0,0,0
35,8,2,1,0,1,1,0,0,0,0,1,0,1,1,0,0
22,8,2,1,1,1,0,0,1,0,1,0,0,0,0,0,0
46,9,1,0,1,0,1,1,0,1,1,0,1,1,0,1,0
39,8,1,0,1,1,0,0,1,0,0,1,0,0,1,0,0
31,8,1,0,0,1,0,0,1,0,1,0,1,1,0,1,0
42,9,2,1,1,0,0,1,1,0,1,1,1,0,0,0,0
31,8,1,0,0,1,0,0,1,0,1,0,1,1,0,1,0
20,8,3,0,1,0,1,1,1,0,0,1,0,0,1,0,0
35,8,2,1,0,1,1,0,0,0,0,1,0,1,1,0,0
30,9,1,1,1,0,0,1,0,1,0,0,0,1,0,0,0
20,8,3,0,1,0,1,1,1,0,0,1,0,0,1,0,0
43,8,2,0,0,0,1,1,0,0,0,0,0,0,0,1,0
30,9,1,1,1,0,0,1,0,1,0,0,0,1,0,0,0
23,8,3,1,1,0,1,0,0,1,1,0,0,0,1,0,0
25,9,1,1,0,1,0,0,1,1,1,1,1,1,0,1,0
31,8,1,0,0,1,0,0,1,0,1,0,1,1,0,1,0
23,8,3,1,1,0,1,0,0,1,1,0,0,0,1,0,0
28,8,3,0,0,1,1,1,0,1,0,0,0,1,0,1,0
16,8,1,1,0,1,0,0,0,0,1,1,1,1,1,0,0
23,8,3,1,1,0,1,0,0,1,1,0,0,0,1,0,0
43,8,2,0,0,0,1,1,0,0,0,0,0,0,0,0,0
43,8,2,0,0,0,1,1,0,0,0,0,0,0,0,0,0
23,8,3,1,1,0,1,0,0,1,1,0,0,0,1,0,0
43,8,2,0,0,0,1,1,0,0,0,0,0,0,0,1,0
28,8,3,0,0,1,1,1,0,1,0,0,0,1,0,1,0
16,8,1,1,0,1,0,0,0,0,1,1,1,1,1,0,0
30,9,1,1,1,0,0,1,0,1,0,0,0,1,0,0,0
23,8,3,1,1,0,1,0,0,1,1,0,0,0,1,0,0
52,9,3,0,0,0,0,0,1,1,0,0,0,0,0,1,0
42,9,2,1,1,0,0,1,1,0,1,1,1,0,0,0,0
43,8,2,0,0,0,1,1,0,0,0,0,0,0,0,1,0
43,8,2,0,0,0,1,1,0,0,0,0,0,0,0,0,0
20,8,3,0,1,0,1,1,1,0,0,1,0,0,1,0,0
10,8,1,1,1,0,0,0,0,0,0,0,0,0,0,1,0
28,8,3,0,0,1,1,1,0,1,0,0,0,1,0,1,0
35,8,2,1,0,1,1,0,0,0,0,1,0,1,1,0,0
31,8,1,0,0,1,0,0,1,0,1,0,1,1,0,1,0
52,9,3,0,0,0,0,0,1,1,0,0,0,0,0,1,0
25,9,1,1,0,1,0,0,1,1,1,1,1,1,0,1,0
10,8,1,1,1,0,0,0,0,0,0,0,0,0,0,1,0
28,8,3,0,0,1,1,1,0,1,0,0,0,1,0,1,0
21,8,2,1,1,0,0,0,1,0,1,0,0,0,0,0,0
39,8,1,0,1,1,0,0,1,0,0,1,0,0,1,0,0
19,9,1,0,1,0,1,1,0,0,1,0,0,0,1,1,0
25,9,1,1,0,1,0,0,1,1,1,1,1,1,0,1,0
25,9,1,1,0,1,0,0,1,1,1,1,1,1,0,1,0
25,9,1,1,0,1,0,0,1,1,1,1,1,1,0,1,0
43,8,2,0,0,0,1,1,0,0,0,0,0,0,0,1,0
31,8,1,0,0,1,0,0,1,0,1,0,1,1,0,1,0
23,8,2,1,1,0,0,0,1,0,0,0,0,0,0,0,0
28,8,3,0,0,1,1,1,0,1,0,0,0,1,0,1,0
39,8,2,1,1,0,0,0,1,0,0,0,0,0,0,0,0
46,9,1,0,1,0,1,1,0,1,1,0,1,1,0,1,0
22,8,2,1,1,1,0,1,1,0,0,0,1,0,0,0,0
44,8,2,1,1,1,1,1,1,0,0,0,0,0,0,0,0
30,9,1,1,1,0,0,1,0,1,0,0,0,1,0,0,0
35,8,2,1,0,1,1,0,0,0,0,1,0,1,1,0,0
10,8,1,1,1,0,0,0,0,0,0,0,0,0,0,1,0
28,8,3,0,0,1,1,1,0,1,0,0,0,1,0,1,0
28,8,3,0,0,1,1,1,0,1,0,0,0,1,0,1,0
28,8,3,0,0,1,1,1,0,1,0,0,0,1,0,1,0
30,9,1,1,1,0,0,1,0,1,0,0,0,1,0,0,0
30,9,1,1,1,0,0,1,0,1,0,0,0,1,0,0,0
46,9,1,0,1,0,1,1,0,1,1,0,1,1,0,1,0
52,9,3,0,0,0,0,0,1,1,0,0,0,0,0,1,0
24,8,2,1,1,1,1,0,1,0,1,0,0,0,0,0,0
39,8,1,0,1,1,0,0,1,0,0,1,0,0,1,0,0
19,9,2,1,1,1,1,1,1,0,1,0,0,0,0,1,0
39,8,1,0,1,1,0,0,1,0,0,1,0,0,1,0,0
52,9,3,0,0,0,0,0,1,1,0,0,0,0,0,1,0
21,8,1,0,0,0,1,0,1,0,1,0,1,0,0,0,0
30,9,1,1,1,0,0,1,0,1,0,0,0,1,0,0,0
31,8,1,0,0,1,0,0,1,0,1,0,1,1,0,1,0
19,9,1,0,1,0,1,1,0,0,1,0,0,0,1,1,0
30,9,1,1,1,0,0,1,0,1,0,0,0,1,0,0,0
52,9,3,0,0,0,0,0,1,1,0,0,0,0,0,1,0
10,8,1,1,1,0,0,0,0,0,0,0,0,0,0,1,0
30,9,1,1,1,0,0,1,0,1,0,0,0,1,0,0,0
22,8,2,1,1,0,1,0,1,0,1,0,0,0,0,0,0
42,9,2,1,1,0,0,1,1,0,1,1,1,0,0,0,0
52,9,3,0,0,0,0,0,1,1,0,0,0,0,0,1,0
43,8,2,0,0,0,1,1,0,0,0,0,0,0,0,0,0
35,8,2,1,0,1,1,0,0,0,0,1,0,1,1,0,0
31,8,1,0,0,1,0,0,1,0,1,0,1,1,0,1,0
31,8,1,0,0,1,0,0,1,0,1,0,1,1,0,1,0
10,8,1,1,1,0,0,0,0,0,0,0,0,0,0,1,0
28,8,3,0,0,1,1,1,0,1,0,0,0,1,0,1,0
19,9,2,1,1,0,1,0,1,0,0,0,0,0,0,0,0
10,8,1,1,1,0,0,0,0,0,0,0,0,0,0,1,0
30,9,1,1,1,0,0,1,0,1,0,0,0,1,0,0,0
26,9,2,0,0,0,1,1,1,0,1,1,0,0,1,1,0
38,8,1,1,1,0,1,0,1,0,1,0,0,0,0,0,0
10,8,1,1,1,0,0,0,0,0,0,0,0,0,0,1,0
42,9,2,1,1,0,0,1,1,0,1,1,1,0,0,0,0
25,9,1,1,0,1,0,0,1,1,1,1,1,1,0,1,0
16,8,1,1,0,1,0,0,0,0,1,1,1,1,1,0,0
31,8,1,0,0,1,0,0,1,0,1,0,1,1,0,1,0
21,9,1,1,1,0,1,0,0,0,1,0,0,0,0,0,0
46,9,1,0,1,0,1,1,0,1,1,0,1,1,0,1,0
18,8,2,1,0,0,1,0,1,0,1,0,0,0,0,0,0
35,8,2,1,0,1,1,0,0,0,0,1,0,1,1,0,0
25,9,1,1,0,1,0,0,1,1,1,1,1,1,0,1,0
10,8,1,1,1,0,0,0,0,0,0,0,0,0,0,1,0
52,9,3,0,0,0,0,0,1,1,0,0,0,0,0,1,0
44,8,2,1,1,1,1,1,1,0,0,0,0,0,0,0,0
22,8,2,1,1,1,0,1,1,0,0,0,1,0,0,0,0
46,9,1,0,1,0,1,1,0,1,1,0,1,1,0,1,0
30,9,1,1,1,0,0,1,0,1,0,0,0,1,0,0,0
39,8,1,0,1,1,0,0,1,0,0,1,0,0,1,0,0
46,9,1,0,1,0,1,1,0,1,1,0,1,1,0,1,0
25,9,1,1,0,1,0,0,1,1,1,1,1,1,0,1,0
28,8,3,0,0,1,1,1,0,1,0,0,0,1,0,1,0
44,8,2,1,1,1,1,1,1,0,0,0,0,0,0,0,0
42,9,2,1,1,0,0,1,1,0,1,1,1,0,0,0,0
42,9,2,1,1,0,0,1,1,0,1,1,1,0,0,0,0
23,8,3,1,1,0,1,0,0,1,1,0,0,0,1,0,0
21,9,1,1,1,0,1,0,0,0,1,0,0,0,0,0,0
39,8,1,0,1,1,0,0,1,0,0,1,0,0,1,0,0
17,8,2,0,0,1,0,0,1,0,1,0,0,0,0,0,0
16,8,1,1,0,1,0,0,0,0,1,1,1,1,1,0,0
20,8,3,0,1,0,1,1,1,0,0,1,0,0,1,0,0
43,8,2,0,0,0,1,1,0,0,0,0,0,0,0,0,0
23,8,3,1,1,0,1,0,0,1,1,0,0,0,1,0,0
35,8,2,1,0,1,1,0,0,0,0,1,0,1,1,0,0
28,8,3,0,0,1,1,1,0,1,0,0,0,1,0,1,0
35,8,2,1,0,1,1,0,0,0,0,1,0,1,1,0,0
30,9,1,1,1,0,0,1,0,1,0,0,0,1,0,0,0
16,8,1,1,0,1,0,0,0,0,1,1,1,1,1,0,0
19,9,1,0,1,0,1,1,0,0,1,0,0,0,1,1,0
39,8,1,0,1,1,0,0,1,0,0,1,0,0,1,0,0
35,8,2,1,0,1,1,0,0,0,0,1,0,1,1,0,0
35,8,2,1,0,1,1,0,0,0,0,1,0,1,1,0,0
44,8,2,1,1,1,1,1,1,0,0,0,0,0,0,0,0
23,8,3,1,1,0,1,0,0,1,1,0,0,0,1,0,0
20,8,3,0,1,0,1,1,1,0,0,1,0,0,1,0,0
30,9,1,1,1,0,0,1,0,1,0,0,0,1,0,0,0
44,8,2,1,1,1,1,1,1,0,0,0,0,0,0,0,0
21,9,1,1,1,1,1,1,0,0,1,0,0,1,0,1,0
52,9,3,0,0,0,0,0,1,1,0,0,0,0,0,1,0
28,8,3,0,0,1,1,1,0,1,0,0,0,1,0,1,0
31,8,1,0,0,1,0,0,1,0,1,0,1,1,0,1,0
23,8,2,1,1,1,1,0,1,0,1,1,1,1,1,1,0
31,8,1,0,0,1,0,0,1,0,1,0,1,1,0,1,0
43,8,2,0,0,0,1,1,0,0,0,0,0,0,0,1,0
30,9,1,1,1,0,0,1,0,1,0,0,0,1,0,0,0
25,9,1,1,0,1,0,0,1,1,1,1,1,1,0,1,0
30,9,1,1,1,0,0,1,0,1,0,0,0,1,0,0,0
23,8,3,1,1,0,1,0,0,1,1,0,0,0,1,0,0
22,8,2,1,1,1,0,1,1,0,0,0,1,0,0,0,0
30,9,1,1,1,0,0,1,0,1,0,0,0,1,0,0,0
35,8,2,1,0,1,1,0,0,0,0,1,0,1,1,0,0
42,9,2,1,1,0,0,1,1,0,1,1,1,0,0,0,0
42,9,2,1,1,0,0,1,1,0,1,1,1,0,0,0,0
23,8,3,1,1,0,1,0,0,1,1,0,0,0,1,0,0
21,9,1,1,1,0,1,0,0,0,1,0,0,0,0,0,0
31,8,1,0,0,1,0,0,1,0,1,0,1,1,0,1,0
35,8,2,1,0,1,1,0,0,0,0,1,0,1,1,0,0
24,9,2,1,1,0,1,0,1,0,1,0,0,0,0,0,0
16,8,1,1,0,1,0,0,0,0,1,1,1,1,1,0,0
31,8,1,0,0,1,0,0,1,0,1,0,1,1,0,1,0
42,9,2,1,1,0,0,1,1,0,1,1,1,0,0,0,0
28,8,3,0,0,1,1,1,0,1,0,0,0,1,0,1,0
43,8,2,0,0,0,1,1,0,0,0,0,0,0,0,0,0
43,8,2,0,0,0,1,1,0,0,0,0,0,0,0,0,0
23,8,2,1,1,0,0,0,1,0,0,0,0,0,0,0,0
53,8,2,1,1,0,0,0,1,0,1,0,0,0,0,0,0
21,9,1,0,1,0,1,1,1,0,1,0,0,0,0,1,0
39,8,1,0,1,1,0,0,1,0,0,1,0,0,1,0,0
24,8,2,1,1,0,0,0,0,0,1,0,1,0,0,0,0
42,9,2,1,1,0,0,1,1,0,1,1,1,0,0,0,0
22,9,1,1,1,0,1,1,1,1,1,0,0,0,0,0,Relationship issue
25,9,1,1,0,1,0,0,1,1,1,1,1,1,0,1,0
21,9,1,1,1,0,1,0,0,0,1,0,0,0,0,0,0
30,9,1,1,1,0,0,1,0,1,0,0,0,1,0,0,0
23,8,3,1,1,0,1,0,0,1,1,0,0,0,1,0,0
43,8,2,0,0,0,1,1,0,0,0,0,0,0,0,1,0
25,9,1,1,0,1,0,0,1,1,1,1,1,1,0,1,0
43,8,2,0,0,0,1,1,0,0,0,0,0,0,0,1,0
39,8,1,0,1,1,0,0,1,0,0,1,0,0,1,0,0
35,8,2,1,0,1,1,0,0,0,0,1,0,1,1,0,0
22,8,2,1,1,0,0,0,1,0,1,0,1,1,1,0,0
52,9,3,0,0,0,0,0,1,1,0,0,0,0,0,1,0
46,9,1,0,1,0,1,1,0,1,1,0,1,1,0,1,0
43,8,2,0,0,0,1,1,0,0,0,0,0,0,0,0,0
43,8,2,0,0,0,1,1,0,0,0,0,0,0,0,1,0
43,8,2,0,0,0,1,1,0,0,0,0,0,0,0,0,0
43,8,2,0,0,0,1,1,0,0,0,0,0,0,0,1,0
25,9,1,1,0,1,0,0,1,1,1,1,1,1,0,1,0
25,9,1,1,0,1,0,0,1,1,1,1,1,1,0,1,0
10,8,1,1,1,0,0,0,0,0,0,0,0,0,0,1,0
10,8,1,1,1,0,0,0,0,0,0,0,0,0,0,1,0
16,8,1,1,0,1,0,0,0,0,1,1,1,1,1,0,0
16,8,1,1,0,1,0,0,0,0,1,1,1,1,1,0,0
18,9,1,1,1,1,0,0,1,0,0,0,0,0,0,0,0
44,8,2,1,1,1,1,1,1,0,0,0,0,0,0,0,0
21,8,2,1,1,0,1,0,1,0,1,0,0,0,0,0,0
23,8,3,1,1,0,1,0,0,1,1,0,0,0,1,0,0
20,8,3,0,1,0,1,1,1,0,0,1,0,0,1,0,0
20,8,3,0,1,0,1,1,1,0,0,1,0,0,1,0,0
19,9,1,0,1,0,1,1,0,0,1,0,0,0,1,1,0
52,9,3,0,0,0,0,0,1,1,0,0,0,0,0,1,0
23,9,2,1,1,1,1,1,1,0,1,0,0,0,0,0,0
25,9,1,1,0,1,0,0,1,1,1,1,1,1,0,1,0
30,9,1,1,1,0,0,1,0,1,0,0,0,1,0,0,0
42,9,2,1,1,0,0,1,1,0,1,1,1,0,0,0,0
30,9,1,1,1,0,0,1,0,1,0,0,0,1,0,0,0
43,8,2,0,0,0,1,1,0,0,0,0,0,0,0,0,0
42,9,2,1,1,0,0,1,1,0,1,1,1,0,0,0,0
31,8,1,0,0,1,0,0,1,0,1,0,1,1,0,1,0
25,9,1,1,0,1,0,0,1,1,1,1,1,1,0,1,0
43,8,2,0,0,0,1,1,0,0,0,0,0,0,0,0,0
25,9,1,1,0,1,0,0,1,1,1,1,1,1,0,1,0
31,8,1,0,0,1,0,0,1,0,1,0,1,1,0,1,0
19,9,1,0,1,0,1,1,0,0,1,0,0,0,1,1,0
19,9,1,0,1,0,1,1,0,0,1,0,0,0,1,1,0
21,9,1,1,1,0,1,0,0,0,1,0,0,0,0,0,0
22,8,2,1,1,0,1,1,1,0,1,0,0,0,0,0,0
10,8,1,1,1,0,0,0,0,0,0,0,0,0,0,1,0
19,9,1,0,1,0,1,1,0,0,1,0,0,0,1,1,0
21,9,1,1,1,0,1,0,0,0,1,0,0,0,0,0,0
22,8,1,1,1,1,0,0,1,0,1,0,0,0,0,0,0
20,8,3,0,1,0,1,1,1,0,0,1,0,0,1,0,0
21,9,1,1,1,0,1,0,0,0,1,0,0,0,0,0,0
52,9,3,0,0,0,0,0,1,1,0,0,0,0,0,1,0
42,9,2,1,1,0,0,1,1,0,1,1,1,0,0,0,0
16,8,1,1,0,1,0,0,0,0,1,1,1,1,1,0,0
43,8,2,0,0,0,1,1,0,0,0,0,0,0,0,0,0
23,8,2,1,1,0,1,1,1,0,1,1,1,1,1,1,0
10,8,1,1,1,0,0,0,0,0,0,0,0,0,0,1,0
31,8,1,0,0,1,0,0,1,0,1,0,1,1,0,1,0
44,8,2,1,1,1,1,1,1,0,0,0,0,0,0,0,0
25,9,1,1,0,1,0,0,1,1,1,1,1,1,0,1,0
43,8,2,0,0,0,1,1,0,0,0,0,0,0,0,0,0
10,8,1,1,1,0,0,0,0,0,0,0,0,0,0,1,0
46,9,1,0,1,0,1,1,0,1,1,0,1,1,0,1,0
23,8,3,1,1,0,1,0,0,1,1,0,0,0,1,0,0
36,8,2,1,1,0,0,0,1,0,0,1,1,0,0,0,0
10,8,1,1,1,0,0,0,0,0,0,0,0,0,0,1,0
43,8,2,0,0,0,1,1,0,0,0,0,0,0,0,0,0
35,8,2,1,0,1,1,0,0,0,0,1,0,1,1,0,0
28,8,3,0,0,1,1,1,0,1,0,0,0,1,0,1,0
42,9,2,1,1,0,0,1,1,0,1,1,1,0,0,0,0
35,8,2,1,0,1,1,0,0,0,0,1,0,1,1,0,0
46,9,1,0,1,0,1,1,0,1,1,0,1,1,0,1,0
46,9,1,0,1,0,1,1,0,1,1,0,1,1,0,1,0
22,8,2,1,1,1,0,1,1,0,0,0,1,0,0,0,0
25,9,1,1,0,1,0,0,1,1,1,1,1,1,0,1,0
19,9,1,0,1,0,1,1,0,0,1,0,0,0,1,1,0
28,8,3,0,0,1,1,1,0,1,0,0,0,1,0,1,0
44,8,2,1,1,1,1,1,1,0,0,0,0,0,0,0,0
31,8,1,0,0,1,0,0,1,0,1,0,1,1,0,1,0
42,9,2,1,1,0,0,1,1,0,1,1,1,0,0,0,0
23,8,3,1,1,0,1,0,0,1,1,0,0,0,1,0,0
43,8,2,0,0,0,1,1,0,0,0,0,0,0,0,0,0
16,8,1,1,0,1,0,0,0,0,1,1,1,1,1,0,0
46,9,1,0,1,0,1,1,0,1,1,0,1,1,0,1,0
19,9,1,0,1,0,1,1,0,0,1,0,0,0,1,1,0
46,9,1,0,1,0,1,1,0,1,1,0,1,1,0,1,0
16,8,1,1,0,1,0,0,0,0,1,1,1,1,1,0,0
16,8,1,1,0,1,0,0,0,0,1,1,1,1,1,0,0
42,9,2,1,1,0,0,1,1,0,1,1,1,0,0,0,0
20,9,1,1,1,1,0,0,1,1,1,0,0,0,0,1,Many more
32,8,2,1,1,0,1,0,1,0,1,0,0,0,0,0,0
47,8,2,1,1,0,0,1,1,0,0,1,1,0,0,1,0
30,9,1,1,1,0,0,1,0,1,0,0,0,1,0,0,0
43,8,2,0,0,0,1,1,0,0,0,0,0,0,0,1,0
39,8,1,0,1,1,0,0,1,0,0,1,0,0,1,0,0
52,9,3,0,0,0,0,0,1,1,0,0,0,0,0,1,0
52,9,3,0,0,0,0,0,1,1,0,0,0,0,0,1,0
20,8,3,0,1,0,1,1,1,0,0,1,0,0,1,0,0
19,8,2,1,0,0,1,1,1,0,1,1,0,0,1,0,0
28,8,3,0,0,1,1,1,0,1,0,0,0,1,0,1,0
20,8,1,1,0,0,1,1,1,0,1,0,0,0,0,1,0
25,9,1,1,0,1,0,0,1,1,1,1,1,1,0,1,0
23,8,3,1,1,0,1,0,0,1,1,0,0,0,1,0,0
20,8,3,0,1,0,1,1,1,0,0,1,0,0,1,0,0
30,9,1,1,1,0,0,1,0,1,0,0,0,1,0,0,0
25,8,3,0,0,0,0,1,1,1,1,1,0,0,0,1,Got bullied for 2 years in school
43,8,2,0,0,0,1,1,0,0,0,0,0,0,0,1,0
22,8,2,1,1,0,0,0,1,0,1,0,0,0,0,0,0
20,8,3,0,1,0,1,1,1,0,0,1,0,0,1,0,0
44,8,2,1,1,1,1,1,1,0,0,0,0,0,0,0,0
25,9,1,1,0,1,0,0,1,1,1,1,1,1,0,1,0
35,8,2,1,0,1,1,0,0,0,0,1,0,1,1,0,0
43,8,2,0,0,0,1,1,0,0,0,0,0,0,0,1,0
19,9,1,0,1,0,1,1,0,0,1,0,0,0,1,1,0
27,8,1,1,1,1,0,0,1,0,1,0,0,0,0,0,0
10,8,1,1,1,0,0,0,0,0,0,0,0,0,0,1,0
46,9,1,0,1,0,1,1,0,1,1,0,1,1,0,1,0
35,8,2,1,0,1,1,0,0,0,0,1,0,1,1,0,0
43,8,2,0,0,0,1,1,0,0,0,0,0,0,0,1,0
10,8,1,1,1,0,0,0,0,0,0,0,0,0,0,1,0
22,9,2,1,1,0,1,1,1,0,1,0,0,0,0,0,0
43,8,2,0,0,0,1,1,0,0,0,0,0,0,0,1,0
31,8,1,0,0,1,0,0,1,0,1,0,1,1,0,1,0
23,8,3,1,1,0,1,0,0,1,1,0,0,0,1,0,0
52,9,3,0,0,0,0,0,1,1,0,0,0,0,0,1,0
16,8,1,1,0,1,0,0,0,0,1,1,1,1,1,0,0
35,8,2,1,0,1,1,0,0,0,0,1,0,1,1,0,0
25,9,1,1,0,1,0,0,1,1,1,1,1,1,0,1,0
25,9,1,1,0,1,0,0,1,1,1,1,1,1,0,1,0
25,9,1,1,0,1,0,0,1,1,1,1,1,1,0,1,0
22,8,2,1,1,0,0,0,1,0,0,0,0,0,0,0,0
46,9,1,0,1,0,1,1,0,1,1,0,1,1,0,1,0
43,8,2,0,0,0,1,1,0,0,0,0,0,0,0,0,0
44,8,2,1,1,1,1,1,1,0,0,0,0,0,0,0,0
43,8,2,0,0,0,1,1,0,0,0,0,0,0,0,1,0
43,8,2,0,0,0,1,1,0,0,0,0,0,0,0,0,0
35,8,3,1,1,0,0,1,0,1,1,0,0,0,0,0,0
19,9,1,0,1,0,1,1,0,0,1,0,0,0,1,1,0
10,8,1,1,1,0,0,0,0,0,0,0,0,0,0,1,0
19,9,1,0,1,0,1,1,0,0,1,0,0,0,1,1,0
21,9,2,1,0,1,1,1,1,0,1,0,0,0,0,1,0
16,8,1,1,0,1,0,0,0,0,1,1,1,1,1,0,0
30,9,1,1,1,0,0,1,0,1,0,0,0,1,0,0,0
22,8,2,1,1,1,0,1,1,0,0,0,1,0,0,0,0
19,9,1,0,1,0,1,1,0,0,1,0,0,0,1,1,0
35,8,2,1,0,1,1,0,0,0,0,1,0,1,1,0,0
43,8,2,0,0,0,1,1,0,0,0,0,0,0,0,1,0
35,8,2,1,0,1,1,0,0,0,0,1,0,1,1,0,0
22,8,1,1,1,0,1,0,1,0,1,0,1,1,0,0,0
44,8,2,1,1,1,1,1,1,0,0,0,0,0,0,0,0
25,9,1,1,0,1,0,0,1,1,1,1,1,1,0,1,0
31,8,1,0,0,1,0,0,1,0,1,0,1,1,0,1,0
43,8,2,0,0,0,1,1,0,0,0,0,0,0,0,0,0
20,8,3,0,1,0,1,1,1,0,0,1,0,0,1,0,0
49,8,2,1,1,1,0,1,1,0,0,0,0,0,0,0,0
22,9,2,0,1,1,1,0,1,0,1,0,0,1,0,1,0
23,8,3,1,1,0,1,0,0,1,1,0,0,0,1,0,0
28,8,3,0,0,1,1,1,0,1,0,0,0,1,0,1,0
25,9,1,1,0,1,0,0,1,1,1,1,1,1,0,1,0
25,9,1,1,0,1,0,0,1,1,1,1,1,1,0,1,0
43,8,2,0,0,0,1,1,0,0,0,0,0,0,0,1,0
22,8,2,1,1,0,0,0,1,0,1,0,0,0,0,0,0
44,8,2,1,1,1,1,1,1,0,0,0,0,0,0,0,0
25,9,1,1,0,1,0,0,1,1,1,1,1,1,0,1,0
22,8,2,1,1,0,1,0,1,0,1,0,1,1,1,0,0
30,9,1,1,1,0,0,1,0,1,0,0,0,1,0,0,0
39,8,1,0,1,1,0,0,1,0,0,1,0,0,1,0,0
31,8,1,0,0,1,0,0,1,0,1,0,1,1,0,1,0
20,8,3,0,1,0,1,1,1,0,0,1,0,0,1,0,0
16,8,1,1,0,1,0,0,0,0,1,1,1,1,1,0,0
44,8,2,1,1,1,1,1,1,0,0,0,0,0,0,0,0
19,9,1,0,1,0,1,1,0,0,1,0,0,0,1,1,0
43,8,2,0,0,0,1,1,0,0,0,0,0,0,0,1,0
30,9,1,1,1,0,0,1,0,1,0,0,0,1,0,0,0
44,8,2,1,1,1,1,1,1,0,0,0,0,0,0,0,0
42,9,2,1,1,0,0,1,1,0,1,1,1,0,0,0,0
19,9,1,0,1,0,1,1,0,0,1,0,0,0,1,1,0
46,9,1,0,1,0,1,1,0,1,1,0,1,1,0,1,0
42,9,2,1,1,0,0,1,1,0,1,1,1,0,0,0,0
19,9,1,0,1,0,1,1,0,0,1,0,0,0,1,1,0
42,9,2,1,1,0,0,1,1,0,1,1,1,0,0,0,0
19,9,1,0,1,0,1,1,0,0,1,0,0,0,1,1,0
28,8,3,0,0,1,1,1,0,1,0,0,0,1,0,1,0
10,8,1,1,1,0,0,0,0,0,0,0,0,0,0,1,0
39,8,1,0,1,1,0,0,1,0,0,1,0,0,1,0,0
20,8,3,0,1,0,1,1,1,0,0,1,0,0,1,0,0
31,8,1,0,0,1,0,0,1,0,1,0,1,1,0,1,0
30,9,1,1,1,0,0,1,0,1,0,0,0,1,0,0,0
44,8,2,1,1,1,1,1,1,0,0,0,0,0,0,0,0
10,8,1,1,1,0,0,0,0,0,0,0,0,0,0,1,0
44,8,2,1,1,1,1,1,1,0,0,0,0,0,0,0,0
20,8,3,0,1,0,1,1,1,0,0,1,0,0,1,0,0
10,8,1,1,1,0,0,0,0,0,0,0,0,0,0,1,0
43,8,2,0,0,0,1,1,0,0,0,0,0,0,0,0,0
25,9,1,1,0,1,0,0,1,1,1,1,1,1,0,1,0
25,9,1,1,0,1,0,0,1,1,1,1,1,1,0,1,0
25,9,1,1,0,1,0,0,1,1,1,1,1,1,0,1,0
52,9,3,0,0,0,0,0,1,1,0,0,0,0,0,1,0
28,8,3,0,0,1,1,1,0,1,0,0,0,1,0,1,0
28,8,3,0,0,1,1,1,0,1,0,0,0,1,0,1,0
16,8,1,1,0,1,0,0,0,0,1,1,1,1,1,0,0
46,9,1,0,1,0,1,1,0,1,1,0,1,1,0,1,0
44,8,2,1,1,1,1,1,1,0,0,0,0,0,0,0,0
46,9,1,0,1,0,1,1,0,1,1,0,1,1,0,1,0
52,9,3,0,0,0,0,0,1,1,0,0,0,0,0,1,0
35,8,2,1,0,1,1,0,0,0,0,1,0,1,1,0,0
43,8,2,0,0,0,1,1,0,0,0,0,0,0,0,0,0
25,9,1,1,0,1,0,0,1,1,1,1,1,1,0,1,0
20,8,3,0,1,0,1,1,1,0,0,1,0,0,1,0,0
43,8,2,0,0,0,1,1,0,0,0,0,0,0,0,0,0
16,8,1,1,0,1,0,0,0,0,1,1,1,1,1,0,0
46,9,1,0,1,0,1,1,0,1,1,0,1,1,0,1,0
23,8,2,1,1,0,0,1,1,0,1,0,0,1,1,0,0
25,8,3,1,1,0,1,0,1,1,1,1,0,1,0,0,0
39,8,1,0,1,1,0,0,1,0,0,1,0,0,1,0,0
28,8,3,0,0,1,1,1,0,1,0,0,0,1,0,1,0
52,9,3,0,0,0,0,0,1,1,0,0,0,0,0,1,0
25,9,1,1,0,1,0,0,1,1,1,1,1,1,0,1,0
35,8,2,1,0,1,1,0,0,0,0,1,0,1,1,0,0
31,8,1,0,0,1,0,0,1,0,1,0,1,1,0,1,0
25,9,1,1,0,1,0,0,1,1,1,1,1,1,0,1,0
43,8,2,0,0,0,1,1,0,0,0,0,0,0,0,1,0
42,9,2,1,1,0,0,1,1,0,1,1,1,0,0,0,0
39,8,1,0,1,1,0,0,1,0,0,1,0,0,1,0,0
43,8,2,0,0,0,1,1,0,0,0,0,0,0,0,0,0
42,9,2,1,1,0,0,1,1,0,1,1,1,0,0,0,0
31,8,1,0,0,1,0,0,1,0,1,0,1,1,0,1,0
43,8,2,0,0,0,1,1,0,0,0,0,0,0,0,1,0
21,9,1,1,1,0,1,0,0,0,1,0,0,0,0,0,0
23,8,3,1,1,0,1,0,0,1,1,0,0,0,1,0,0
30,9,1,1,1,0,0,1,0,1,0,0,0,1,0,0,0
46,9,1,0,1,0,1,1,0,1,1,0,1,1,0,1,0
28,8,1,1,1,0,0,0,1,0,1,0,1,0,0,0,0
16,8,1,1,0,1,0,0,0,0,1,1,1,1,1,0,0
20,8,3,0,1,0,1,1,1,0,0,1,0,0,1,0,0
25,9,1,1,0,1,0,0,1,1,1,1,1,1,0,1,0
43,8,2,0,0,0,1,1,0,0,0,0,0,0,0,0,0
52,9,3,0,0,0,0,0,1,1,0,0,0,0,0,1,0
10,8,1,1,1,0,0,0,0,0,0,0,0,0,0,1,0
46,9,1,0,1,0,1,1,0,1,1,0,1,1,0,1,0
35,8,2,1,0,1,1,0,0,0,0,1,0,1,1,0,0
44,8,2,1,1,1,1,1,1,0,0,0,0,0,0,0,0
25,9,1,1,0,1,0,0,1,1,1,1,1,1,0,1,0
10,8,1,1,1,0,0,0,0,0,0,0,0,0,0,1,0
46,9,1,0,1,0,1,1,0,1,1,0,1,1,0,1,0
39,8,1,0,1,1,0,0,1,0,0,1,0,0,1,0,0
10,8,1,1,1,0,0,0,0,0,0,0,0,0,0,1,0
23,9,2,1,0,0,1,0,1,0,1,1,1,1,1,1,0
52,9,3,0,0,0,0,0,1,1,0,0,0,0,0,1,0
20,8,3,0,1,0,1,1,1,0,0,1,0,0,1,0,0
16,8,1,1,0,1,0,0,0,0,1,1,1,1,1,0,0
10,8,1,1,1,0,0,0,0,0,0,0,0,0,0,1,0
21,8,1,0,1,0,0,0,1,0,1,0,1,1,0,0,0
30,9,1,1,1,0,0,1,0,1,0,0,0,1,0,0,0
23,9,2,1,1,0,1,0,1,0,1,1,1,1,0,0,0
52,9,3,0,0,0,0,0,1,1,0,0,0,0,0,1,0
30,9,1,1,1,0,0,1,0,1,0,0,0,1,0,0,0
23,8,3,1,1,0,1,0,0,1,1,0,0,0,1,0,0
52,9,3,0,0,0,0,0,1,1,0,0,0,0,0,1,0
31,8,1,0,0,1,0,0,1,0,1,0,1,1,0,1,0
46,9,1,0,1,0,1,1,0,1,1,0,1,1,0,1,0
43,8,2,0,0,0,1,1,0,0,0,0,0,0,0,0,0
16,8,1,1,0,1,0,0,0,0,1,1,1,1,1,0,0
39,8,1,0,1,1,0,0,1,0,0,1,0,0,1,0,0
23,8,3,1,1,0,1,0,0,1,1,0,0,0,1,0,0
17,8,1,0,1,0,1,0,1,0,0,0,0,0,0,1,0
22,8,2,1,1,0,0,0,1,0,0,0,0,0,0,0,0
28,8,3,0,0,1,1,1,0,1,0,0,0,1,0,1,0
39,8,1,0,1,1,0,0,1,0,0,1,0,0,1,0,0
21,8,2,1,1,1,1,1,1,0,1,1,1,1,0,0,0
43,8,2,0,0,0,1,1,0,0,0,0,0,0,0,0,0
19,9,1,0,1,0,1,1,0,0,1,0,0,0,1,1,0
19,9,1,0,1,0,1,1,0,0,1,0,0,0,1,1,0
42,9,2,1,1,0,0,1,1,0,1,1,1,0,0,0,0
46,9,1,0,1,0,1,1,0,1,1,0,1,1,0,1,0
52,9,3,0,0,0,0,0,1,1,0,0,0,0,0,1,0
19,8,2,0,1,0,0,0,1,0,0,0,0,0,0,0,0
30,9,1,1,1,0,0,1,0,1,0,0,0,1,0,0,0
35,8,2,1,0,1,1,0,0,0,0,1,0,1,1,0,0
25,9,1,1,0,1,0,0,1,1,1,1,1,1,0,1,0
19,9,1,0,1,0,1,1,0,0,1,0,0,0,1,1,0
43,8,2,0,0,0,1,1,0,0,0,0,0,0,0,0,0
43,8,2,0,0,0,1,1,0,0,0,0,0,0,0,1,0
21,9,2,0,1,0,0,0,1,0,0,0,0,0,0,0,0
30,9,1,1,1,0,0,1,0,1,0,0,0,1,0,0,0
23,8,1,1,1,1,1,1,1,0,1,1,1,1,1,1,0
16,8,1,1,0,1,0,0,0,0,1,1,1,1,1,0,0
43,8,2,0,0,0,1,1,0,0,0,0,0,0,0,1,0
19,9,1,0,1,0,1,1,0,0,1,0,0,0,1,1,0
20,8,1,1,1,0,0,0,0,0,0,0,0,0,0,0,I hate dogs
42,9,2,1,1,0,0,1,1,0,1,1,1,0,0,0,0
42,9,2,1,1,0,0,1,1,0,1,1,1,0,0,0,0
19,9,1,0,1,0,1,1,0,0,1,0,0,0,1,1,0
16,8,1,1,0,1,0,0,0,0,1,1,1,1,1,0,0
19,9,1,0,1,0,1,1,0,0,1,0,0,0,1,1,0
43,8,2,0,0,0,1,1,0,0,0,0,0,0,0,0,0
16,8,1,1,0,1,0,0,0,0,1,1,1,1,1,0,0
10,8,1,1,1,0,0,0,0,0,0,0,0,0,0,1,0
30,9,1,1,1,0,0,1,0,1,0,0,0,1,0,0,0
46,9,1,0,1,0,1,1,0,1,1,0,1,1,0,1,0
25,9,1,1,0,1,0,0,1,1,1,1,1,1,0,1,0
20,8,3,0,1,0,1,1,1,0,0,1,0,0,1,0,0
46,9,1,0,1,0,1,1,0,1,1,0,1,1,0,1,0
30,9,1,1,1,0,0,1,0,1,0,0,0,1,0,0,0
19,9,1,0,1,0,1,1,0,0,1,0,0,0,1,1,0
25,9,1,1,0,1,0,0,1,1,1,1,1,1,0,1,0
46,9,1,0,1,0,1,1,0,1,1,0,1,1,0,1,0
20,8,3,0,1,0,1,1,1,0,0,1,0,0,1,0,0
25,9,1,1,0,1,0,0,1,1,1,1,1,1,0,1,0
20,8,3,0,1,0,1,1,1,0,0,1,0,0,1,0,0
43,8,2,0,0,0,1,1,0,0,0,0,0,0,0,1,0
25,9,1,1,0,1,0,0,1,1,1,1,1,1,0,1,0
20,8,3,0,1,0,1,1,1,0,0,1,0,0,1,0,0
25,9,1,1,0,1,0,0,1,1,1,1,1,1,0,1,0
42,9,2,1,1,0,0,1,1,0,1,1,1,0,0,0,0
42,9,2,1,1,0,0,1,1,0,1,1,1,0,0,0,0
39,8,1,0,1,1,0,0,1,0,0,1,0,0,1,0,0
30,9,1,1,1,0,0,1,0,1,0,0,0,1,0,0,0
28,8,3,0,0,1,1,1,0,1,0,0,0,1,0,1,0
28,8,3,0,0,1,1,1,0,1,0,0,0,1,0,1,0
43,8,2,0,0,0,1,1,0,0,0,0,0,0,0,1,0
51,8,3,1,1,1,0,0,0,0,0,0,1,0,0,0,0
16,8,1,1,0,1,0,0,0,0,1,1,1,1,1,0,0
23,8,3,1,1,0,1,0,0,1,1,0,0,0,1,0,0
52,9,3,0,0,0,0,0,1,1,0,0,0,0,0,1,0
44,8,2,1,1,1,1,1,1,0,0,0,0,0,0,0,0
28,9,1,1,1,0,0,1,1,0,0,0,0,0,0,0,0
46,9,1,0,1,0,1,1,0,1,1,0,1,1,0,1,0
25,9,1,1,0,1,0,0,1,1,1,1,1,1,0,1,0
25,9,1,1,0,1,0,0,1,1,1,1,1,1,0,1,0
21,8,3,1,1,1,1,1,1,1,1,0,0,1,0,1,"During 12 boards exam time. ""Breakup"""
35,8,2,1,0,1,1,0,0,0,0,1,0,1,1,0,0
35,8,2,1,0,1,1,0,0,0,0,1,0,1,1,0,0
16,8,1,1,0,1,0,0,0,0,1,1,1,1,1,0,0
39,8,1,0,1,1,0,0,1,0,0,1,0,0,1,0,0
42,9,2,1,1,0,0,1,1,0,1,1,1,0,0,0,0
19,9,1,0,1,0,1,1,0,0,1,0,0,0,1,1,0
35,8,2,1,0,1,1,0,0,0,0,1,0,1,1,0,0
25,9,1,1,0,1,0,0,1,1,1,1,1,1,0,1,0
20,8,3,0,1,0,1,1,1,0,0,1,0,0,1,0,0
52,9,3,0,0,0,0,0,1,1,0,0,0,0,0,1,0
42,9,2,1,1,0,0,1,1,0,1,1,1,0,0,0,0
16,8,1,1,0,1,0,0,0,0,1,1,1,1,1,0,0
20,8,3,0,1,0,1,1,1,0,0,1,0,0,1,0,0
44,8,2,1,1,1,1,1,1,0,0,0,0,0,0,0,0
43,8,2,0,0,0,1,1,0,0,0,0,0,0,0,0,0
24,8,2,1,1,1,1,1,1,0,1,0,0,0,0,0,0
39,8,1,0,1,1,0,0,1,0,0,1,0,0,1,0,0
19,9,1,0,1,0,1,1,0,0,1,0,0,0,1,1,0
22,8,2,1,1,0,1,0,1,0,1,0,0,0,0,0,0
43,8,2,0,0,0,1,1,0,0,0,0,0,0,0,1,0
10,8,1,1,1,0,0,0,0,0,0,0,0,0,0,1,0
25,9,1,1,0,1,0,0,1,1,1,1,1,1,0,1,0
39,8,1,0,1,1,0,0,1,0,0,1,0,0,1,0,0
42,9,2,1,1,0,0,1,1,0,1,1,1,0,0,0,0
28,8,3,0,0,1,1,1,0,1,0,0,0,1,0,1,0
39,8,1,0,1,1,0,0,1,0,0,1,0,0,1,0,0
46,9,1,0,1,0,1,1,0,1,1,0,1,1,0,1,0
46,9,1,0,1,0,1,1,0,1,1,0,1,1,0,1,0
42,9,2,1,1,0,0,1,1,0,1,1,1,0,0,0,0
43,8,2,0,0,0,1,1,0,0,0,0,0,0,0,1,0
10,8,1,1,1,0,0,0,0,0,0,0,0,0,0,1,0
25,9,1,1,0,1,0,0,1,1,1,1,1,1,0,1,0
31,8,1,0,0,1,0,0,1,0,1,0,1,1,0,1,0
16,8,1,1,0,1,0,0,0,0,1,1,1,1,1,0,0
30,9,1,1,1,0,0,1,0,1,0,0,0,1,0,0,0
52,9,3,0,0,0,0,0,1,1,0,0,0,0,0,1,0
19,9,1,0,1,0,1,1,0,0,1,0,0,0,1,1,0
42,9,2,1,1,0,0,1,1,0,1,1,1,0,0,0,0
39,8,1,0,1,1,0,0,1,0,0,1,0,0,1,0,0
28,8,3,0,0,1,1,1,0,1,0,0,0,1,0,1,0
52,9,3,0,0,0,0,0,1,1,0,0,0,0,0,1,0
43,8,2,0,0,0,1,1,0,0,0,0,0,0,0,1,0
16,8,1,1,0,1,0,0,0,0,1,1,1,1,1,0,0
39,8,1,0,1,1,0,0,1,0,0,1,0,0,1,0,0
21,9,1,1,1,0,1,0,0,0,1,0,0,0,0,0,0
42,9,2,1,1,0,0,1,1,0,1,1,1,0,0,0,0
42,9,2,1,1,0,0,1,1,0,1,1,1,0,0,0,0
16,8,1,1,0,1,0,0,0,0,1,1,1,1,1,0,0
43,8,2,0,0,0,1,1,0,0,0,0,0,0,0,1,0
52,9,3,0,0,0,0,0,1,1,0,0,0,0,0,1,0
42,9,2,1,1,0,0,1,1,0,1,1,1,0,0,0,0
52,9,3,0,0,0,0,0,1,1,0,0,0,0,0,1,0
46,9,1,0,1,0,1,1,0,1,1,0,1,1,0,1,0
25,9,1,1,0,1,0,0,1,1,1,1,1,1,0,1,0
46,9,1,0,1,0,1,1,0,1,1,0,1,1,0,1,0
52,9,3,0,0,0,0,0,1,1,0,0,0,0,0,1,0
31,8,1,0,0,1,0,0,1,0,1,0,1,1,0,1,0
21,9,1,1,1,0,0,0,0,0,0,0,0,0,0,0,0
43,8,2,0,0,0,1,1,0,0,0,0,0,0,0,0,0
39,8,1,0,1,1,0,0,1,0,0,1,0,0,1,0,0
46,9,1,0,1,0,1,1,0,1,1,0,1,1,0,1,0
24,8,2,1,0,1,1,0,1,0,1,1,1,1,1,1,0
25,9,1,1,0,1,0,0,1,1,1,1,1,1,0,1,0
52,9,3,0,0,0,0,0,1,1,0,0,0,0,0,1,0
31,8,1,0,0,1,0,0,1,0,1,0,1,1,0,1,0
25,9,1,1,0,1,0,0,1,1,1,1,1,1,0,1,0
46,9,1,0,1,0,1,1,0,1,1,0,1,1,0,1,0
22,8,2,1,1,1,0,1,1,0,0,0,1,0,0,0,0
28,8,3,0,0,1,1,1,0,1,0,0,0,1,0,1,0
16,8,1,1,0,1,0,0,0,0,1,1,1,1,1,0,0
35,8,2,1,0,1,1,0,0,0,0,1,0,1,1,0,0
19,9,1,0,1,0,1,1,0,0,1,0,0,0,1,1,0
43,8,2,0,0,0,1,1,0,0,0,0,0,0,0,0,0
39,8,1,0,1,1,0,0,1,0,0,1,0,0,1,0,0
31,8,1,0,0,1,0,0,1,0,1,0,1,1,0,1,0
16,8,1,1,0,1,0,0,0,0,1,1,1,1,1,0,0
20,8,3,0,1,0,1,1,1,0,0,1,0,0,1,0,0
35,8,2,1,0,1,1,0,0,0,0,1,0,1,1,0,0
28,8,3,0,0,1,1,1,0,1,0,0,0,1,0,1,0
10,8,1,1,1,0,0,0,0,0,0,0,0,0,0,1,0
30,9,1,1,1,0,0,1,0,1,0,0,0,1,0,0,0
42,9,2,1,1,0,0,1,1,0,1,1,1,0,0,0,0
42,9,2,1,1,0,0,1,1,0,1,1,1,0,0,0,0
30,9,1,1,1,0,0,1,0,1,0,0,0,1,0,0,0
43,8,2,0,0,0,1,1,0,0,0,0,0,0,0,0,0
39,8,1,0,1,1,0,0,1,0,0,1,0,0,1,0,0
52,9,3,0,0,0,0,0,1,1,0,0,0,0,0,1,0
39,8,1,0,1,1,0,0,1,0,0,1,0,0,1,0,0
16,8,1,1,0,1,0,0,0,0,1,1,1,1,1,0,0
46,9,1,0,1,0,1,1,0,1,1,0,1,1,0,1,0
16,8,1,1,0,1,0,0,0,0,1,1,1,1,1,0,0
25,9,1,1,0,1,0,0,1,1,1,1,1,1,0,1,0
42,9,2,1,1,0,0,1,1,0,1,1,1,0,0,0,0
42,9,2,1,1,0,0,1,1,0,1,1,1,0,0,0,0
25,9,1,1,0,1,0,0,1,1,1,1,1,1,0,1,0
46,9,1,0,1,0,1,1,0,1,1,0,1,1,0,1,0
39,8,1,0,1,1,0,0,1,0,0,1,0,0,1,0,0
25,9,1,1,0,1,0,0,1,1,1,1,1,1,0,1,0
31,8,1,0,0,1,0,0,1,0,1,0,1,1,0,1,0
25,9,1,1,0,1,0,0,1,1,1,1,1,1,0,1,0
31,8,1,0,0,1,0,0,1,0,1,0,1,1,0,1,0
35,8,2,1,0,1,1,0,0,0,0,1,0,1,1,0,0
20,8,3,0,1,0,1,1,1,0,0,1,0,0,1,0,0
16,8,1,1,0,1,0,0,0,0,1,1,1,1,1,0,0
43,8,2,0,0,0,1,1,0,0,0,0,0,0,0,0,0
44,8,2,1,1,1,1,1,1,0,0,0,0,0,0,0,0
16,8,1,1,0,1,0,0,0,0,1,1,1,1,1,0,0
24,8,1,1,1,0,0,0,1,0,1,0,0,0,0,0,0
25,9,1,1,0,1,0,0,1,1,1,1,1,1,0,1,0
19,8,2,1,0,1,1,1,1,1,1,0,0,0,0,0,Relationship issue
34,9,2,1,1,0,0,0,1,0,0,0,0,0,0,0,0
52,9,3,0,0,0,0,0,1,1,0,0,0,0,0,1,0
42,9,2,1,1,0,0,1,1,0,1,1,1,0,0,0,0
35,8,2,1,0,1,1,0,0,0,0,1,0,1,1,0,0
19,9,1,0,1,0,1,1,0,0,1,0,0,0,1,1,0
16,8,1,1,0,1,0,0,0,0,1,1,1,1,1,0,0
52,9,3,0,0,0,0,0,1,1,0,0,0,0,0,1,0
35,8,2,1,0,1,1,0,0,0,0,1,0,1,1,0,0
52,9,3,0,0,0,0,0,1,1,0,0,0,0,0,1,0
16,8,1,1,0,1,0,0,0,0,1,1,1,1,1,0,0
18,8,2,1,1,0,1,1,1,0,1,0,0,0,0,0,0
52,9,3,0,0,0,0,0,1,1,0,0,0,0,0,1,0
35,8,2,1,0,1,1,0,0,0,0,1,0,1,1,0,0
46,9,1,0,1,0,1,1,0,1,1,0,1,1,0,1,0
52,9,3,0,0,0,0,0,1,1,0,0,0,0,0,1,0
20,8,3,0,1,0,1,1,1,0,0,1,0,0,1,0,0
21,9,1,1,1,0,1,0,0,0,1,0,0,0,0,0,0
52,9,3,0,0,0,0,0,1,1,0,0,0,0,0,1,0
43,8,2,0,0,0,1,1,0,0,0,0,0,0,0,0,0
28,8,3,0,0,1,1,1,0,1,0,0,0,1,0,1,0
37,9,1,1,1,0,0,0,1,0,0,0,0,0,0,0,0
46,9,1,0,1,0,1,1,0,1,1,0,1,1,0,1,0
22,8,1,0,0,1,1,1,1,0,1,0,0,0,0,1,0
10,8,1,1,1,0,0,0,0,0,0,0,0,0,0,1,0
25,9,1,1,0,1,0,0,1,1,1,1,1,1,0,1,0
30,9,1,1,1,0,0,1,0,1,0,0,0,1,0,0,0
46,9,1,0,1,0,1,1,0,1,1,0,1,1,0,1,0
42,9,2,1,1,0,0,1,1,0,1,1,1,0,0,0,0
20,8,3,0,1,0,1,1,1,0,0,1,0,0,1,0,0
39,8,1,0,1,1,0,0,1,0,0,1,0,0,1,0,0
16,8,1,1,0,1,0,0,0,0,1,1,1,1,1,0,0
35,8,2,1,0,1,1,0,0,0,0,1,0,1,1,0,0
23,9,2,1,1,0,1,0,1,0,1,0,1,0,0,0,0
42,9,2,1,1,0,0,1,1,0,1,1,1,0,0,0,0
30,9,1,1,1,0,0,1,0,1,0,0,0,1,0,0,0
20,8,2,1,1,1,0,0,1,0,1,0,0,0,0,0,0
28,8,3,0,0,1,1,1,0,1,0,0,0,1,0,1,0
34,8,3,1,1,0,1,0,0,0,1,0,0,1,0,0,0
25,9,1,1,0,1,0,0,1,1,1,1,1,1,0,1,0
23,8,3,1,1,0,1,0,0,1,1,0,0,0,1,0,0
44,8,2,1,1,1,1,1,1,0,0,0,0,0,0,0,0
43,8,2,0,0,0,1,1,0,0,0,0,0,0,0,1,0
23,8,3,1,1,0,1,0,0,1,1,0,0,0,1,0,0
52,9,3,0,0,0,0,0,1,1,0,0,0,0,0,1,0
52,9,3,0,0,0,0,0,1,1,0,0,0,0,0,1,0
23,8,3,1,1,0,1,0,0,1,1,0,0,0,1,0,0
42,9,2,1,1,0,0,1,1,0,1,1,1,0,0,0,0
39,8,1,0,1,1,0,0,1,0,0,1,0,0,1,0,0
23,8,2,1,1,0,0,0,1,0,1,0,1,0,0,0,0
30,9,1,1,1,0,0,1,0,1,0,0,0,1,0,0,0
10,8,1,1,1,0,0,0,0,0,0,0,0,0,0,1,0
43,8,2,0,0,0,1,1,0,0,0,0,0,0,0,1,0
52,9,3,0,0,0,0,0,1,1,0,0,0,0,0,1,0
35,8,2,1,0,1,1,0,0,0,0,1,0,1,1,0,0
31,8,1,0,0,1,0,0,1,0,1,0,1,1,0,1,0
21,9,1,1,1,0,1,0,0,0,1,0,0,0,0,0,0
31,8,1,0,0,1,0,0,1,0,1,0,1,1,0,1,0
35,8,2,1,0,1,1,0,0,0,0,1,0,1,1,0,0
21,9,2,1,1,0,0,0,1,0,1,0,0,0,0,0,0
46,9,1,0,1,0,1,1,0,1,1,0,1,1,0,1,0
30,9,1,1,1,0,0,1,0,1,0,0,0,1,0,0,0
43,8,2,0,0,0,1,1,0,0,0,0,0,0,0,0,0
28,8,3,0,0,1,1,1,0,1,0,0,0,1,0,1,0
46,9,1,0,1,0,1,1,0,1,1,0,1,1,0,1,0
44,8,2,1,1,1,1,1,1,0,0,0,0,0,0,0,0
35,8,2,1,0,1,1,0,0,0,0,1,0,1,1,0,0
31,8,1,0,0,1,0,0,1,0,1,0,1,1,0,1,0
44,8,2,1,1,1,1,1,1,0,0,0,0,0,0,0,0
44,8,2,1,1,1,1,1,1,0,0,0,0,0,0,0,0
39,8,1,0,1,1,0,0,1,0,0,1,0,0,1,0,0
30,9,1,1,1,0,0,1,0,1,0,0,0,1,0,0,0
23,8,3,1,1,0,1,0,0,1,1,0,0,0,1,0,0
43,8,2,0,0,0,1,1,0,0,0,0,0,0,0,0,0
52,9,3,0,0,0,0,0,1,1,0,0,0,0,0,1,0
44,8,2,1,1,1,1,1,1,0,0,0,0,0,0,0,0
16,8,1,1,0,1,0,0,0,0,1,1,1,1,1,0,0
52,9,3,0,0,0,0,0,1,1,0,0,0,0,0,1,0
28,8,3,0,0,1,1,1,0,1,0,0,0,1,0,1,0
10,8,1,1,1,0,0,0,0,0,0,0,0,0,0,1,0
25,9,1,1,0,1,0,0,1,1,1,1,1,1,0,1,0
52,9,3,0,0,0,0,0,1,1,0,0,0,0,0,1,0
35,8,2,1,0,1,1,0,0,0,0,1,0,1,1,0,0
43,8,2,0,0,0,1,1,0,0,0,0,0,0,0,1,0
52,9,3,0,0,0,0,0,1,1,0,0,0,0,0,1,0
19,9,1,0,1,0,1,1,0,0,1,0,0,0,1,1,0
20,8,3,0,1,0,1,1,1,0,0,1,0,0,1,0,0
43,8,2,0,0,0,1,1,0,0,0,0,0,0,0,1,0
35,8,2,1,0,1,1,0,0,0,0,1,0,1,1,0,0
44,8,2,1,1,1,1,1,1,0,0,0,0,0,0,0,0
23,8,3,1,1,0,1,0,0,1,1,0,0,0,1,0,0
39,8,1,0,1,1,0,0,1,0,0,1,0,0,1,0,0
28,8,3,0,0,1,1,1,0,1,0,0,0,1,0,1,0
19,9,1,0,1,0,1,1,0,0,1,0,0,0,1,1,0
39,8,1,0,1,1,0,0,1,0,0,1,0,0,1,0,0
46,9,1,0,1,0,1,1,0,1,1,0,1,1,0,1,0
30,9,1,1,1,0,0,1,0,1,0,0,0,1,0,0,0
46,9,1,0,1,0,1,1,0,1,1,0,1,1,0,1,0
43,8,2,0,0,0,1,1,0,0,0,0,0,0,0,1,0
31,8,1,0,0,1,0,0,1,0,1,0,1,1,0,1,0
21,8,2,1,1,0,1,0,1,0,0,0,0,0,0,0,0
10,8,1,1,1,0,0,0,0,0,0,0,0,0,0,1,0
19,9,1,0,1,0,1,1,0,0,1,0,0,0,1,1,0
31,8,1,0,0,1,0,0,1,0,1,0,1,1,0,1,0
16,8,1,1,0,1,0,0,0,0,1,1,1,1,1,0,0
21,9,1,1,1,0,1,0,0,0,1,0,0,0,0,0,0
21,9,2,1,1,0,1,0,1,0,1,0,0,0,0,0,0
52,9,3,0,0,0,0,0,1,1,0,0,0,0,0,1,0
30,9,1,1,1,0,0,1,0,1,0,0,0,1,0,0,0
44,8,2,1,1,1,1,1,1,0,0,0,0,0,0,0,0
28,8,3,0,0,1,1,1,0,1,0,0,0,1,0,1,0
20,8,3,0,1,0,1,1,1,0,0,1,0,0,1,0,0
19,9,1,0,1,0,1,1,0,0,1,0,0,0,1,1,0
39,8,1,0,1,1,0,0,1,0,0,1,0,0,1,0,0
46,9,1,0,1,0,1,1,0,1,1,0,1,1,0,1,0
16,8,1,1,0,1,0,0,0,0,1,1,1,1,1,0,0
22,8,1,1,1,0,0,0,1,0,1,0,0,0,0,0,0
19,9,1,0,1,0,1,1,0,0,1,0,0,0,1,1,0
43,8,2,0,0,0,1,1,0,0,0,0,0,0,0,1,0
44,8,2,1,1,1,1,1,1,0,0,0,0,0,0,0,0
39,8,1,0,1,1,0,0,1,0,0,1,0,0,1,0,0
43,8,2,0,0,0,1,1,0,0,0,0,0,0,0,1,0
23,9,2,1,1,0,1,0,1,0,0,0,0,0,0,0,0
39,8,1,0,1,1,0,0,1,0,0,1,0,0,1,0,0
28,8,3,0,0,1,1,1,0,1,0,0,0,1,0,1,0
43,8,2,0,0,0,1,1,0,0,0,0,0,0,0,1,0
31,8,1,0,0,1,0,0,1,0,1,0,1,1,0,1,0
10,8,1,1,1,0,0,0,0,0,0,0,0,0,0,1,0
25,9,1,1,0,1,0,0,1,1,1,1,1,1,0,1,0
31,8,1,0,0,1,0,0,1,0,1,0,1,1,0,1,0
35,8,2,1,0,1,1,0,0,0,0,1,0,1,1,0,0
23,8,2,1,1,0,1,0,1,0,1,0,0,0,0,0,0
23,8,2,1,1,1,0,0,1,0,1,0,0,0,0,0,0
25,9,1,1,0,1,0,0,1,1,1,1,1,1,0,1,0
35,8,2,1,0,1,1,0,0,0,0,1,0,1,1,0,0
22,9,2,0,1,1,1,0,1,0,1,0,0,0,0,0,0
43,8,2,0,0,0,1,1,0,0,0,0,0,0,0,1,0
43,8,2,0,0,0,1,1,0,0,0,0,0,0,0,0,0
43,8,2,0,0,0,1,1,0,0,0,0,0,0,0,0,0
46,9,1,0,1,0,1,1,0,1,1,0,1,1,0,1,0
52,9,3,0,0,0,0,0,1,1,0,0,0,0,0,1,0
40,8,1,1,1,0,0,0,1,0,0,0,0,1,0,0,0
42,9,2,1,1,0,0,1,1,0,1,1,1,0,0,0,0
21,8,2,1,1,0,1,1,1,0,0,0,0,0,0,0,0
23,8,3,1,1,0,1,0,0,1,1,0,0,0,1,0,0
31,8,1,0,0,1,0,0,1,0,1,0,1,1,0,1,0
25,9,1,1,0,1,0,0,1,1,1,1,1,1,0,1,0
22,9,2,1,1,0,1,0,1,0,1,0,0,1,0,1,0
39,8,1,0,1,1,0,0,1,0,0,1,0,0,1,0,0
25,9,1,1,0,1,0,0,1,1,1,1,1,1,0,1,0
46,9,1,0,1,0,1,1,0,1,1,0,1,1,0,1,0
10,8,1,1,1,0,0,0,0,0,0,0,0,0,0,1,0
52,9,3,0,0,0,0,0,1,1,0,0,0,0,0,1,0
27,8,3,1,1,0,0,1,0,1,0,0,0,0,0,0,0
24,8,2,1,1,1,1,0,1,0,1,0,1,0,0,0,0
23,8,3,1,1,0,1,0,0,1,1,0,0,0,1,0,0
44,8,2,1,1,1,1,1,1,0,0,0,0,0,0,0,0
42,9,2,1,1,0,0,1,1,0,1,1,1,0,0,0,0
35,8,2,1,0,1,1,0,0,0,0,1,0,1,1,0,0
46,9,1,0,1,0,1,1,0,1,1,0,1,1,0,1,0
16,8,1,1,0,1,0,0,0,0,1,1,1,1,1,0,0
44,8,2,1,1,1,1,1,1,0,0,0,0,0,0,0,0
46,9,1,0,1,0,1,1,0,1,1,0,1,1,0,1,0
23,8,3,1,1,0,1,0,0,1,1,0,0,0,1,0,0
18,9,2,1,1,0,0,0,1,0,0,0,0,0,0,0,0
43,8,2,0,0,0,1,1,0,0,0,0,0,0,0,0,0
10,8,1,1,1,0,0,0,0,0,0,0,0,0,0,1,0
43,8,2,0,0,0,1,1,0,0,0,0,0,0,0,1,0
23,8,3,1,1,0,1,0,0,1,1,0,0,0,1,0,0
19,9,1,0,1,0,1,1,0,0,1,0,0,0,1,1,0
43,8,2,0,0,0,1,1,0,0,0,0,0,0,0,1,0
22,8,2,1,1,0,0,0,1,0,1,0,0,0,0,0,0
22,9,2,1,1,0,0,0,1,0,0,0,0,0,0,0,0
20,9,1,1,1,0,1,0,1,1,1,0,0,1,0,0,0
52,9,3,0,0,0,0,0,1,1,0,0,0,0,0,1,0
22,9,2,1,0,0,0,0,1,0,0,0,0,0,0,0,0
28,8,3,0,0,1,1,1,0,1,0,0,0,1,0,1,0
39,8,1,0,1,1,0,0,1,0,0,1,0,0,1,0,0
35,8,2,1,0,1,1,0,0,0,0,1,0,1,1,0,0
48,8,2,1,1,0,1,0,1,0,0,0,0,0,0,0,0
30,9,1,1,1,0,0,1,0,1,0,0,0,1,0,0,0
19,9,1,0,1,0,1,1,0,0,1,0,0,0,1,1,0
23,8,3,1,1,0,1,0,0,1,1,0,0,0,1,0,0
25,9,1,1,0,1,0,0,1,1,1,1,1,1,0,1,0
20,8,3,0,1,0,1,1,1,0,0,1,0,0,1,0,0
19,9,1,0,1,0,1,1,0,0,1,0,0,0,1,1,0
20,8,3,0,1,0,1,1,1,0,0,1,0,0,1,0,0
35,8,2,1,0,1,1,0,0,0,0,1,0,1,1,0,0
30,9,1,1,1,0,0,1,0,1,0,0,0,1,0,0,0
44,8,2,1,1,1,1,1,1,0,0,0,0,0,0,0,0
20,8,3,0,1,0,1,1,1,0,0,1,0,0,1,0,0
42,9,2,1,1,0,0,1,1,0,1,1,1,0,0,0,0
42,9,2,1,1,0,0,1,1,0,1,1,1,0,0,0,0
43,8,2,0,0,0,1,1,0,0,0,0,0,0,0,0,0
19,9,1,0,1,0,1,1,0,0,1,0,0,0,1,1,0
43,8,2,0,0,0,1,1,0,0,0,0,0,0,0,1,0
25,9,1,1,0,1,0,0,1,1,1,1,1,1,0,1,0
28,9,1,0,1,0,0,0,0,0,0,0,0,0,0,0,0
21,9,2,1,1,0,1,0,1,0,1,0,0,0,0,0,0
16,8,1,1,0,1,0,0,0,0,1,1,1,1,1,0,0
25,9,1,1,0,1,0,0,1,1,1,1,1,1,0,1,0
31,8,1,0,0,1,0,0,1,0,1,0,1,1,0,1,0
22,8,2,1,1,1,0,1,1,0,0,0,1,0,0,0,0
23,8,2,1,1,1,1,0,1,0,0,0,0,0,0,0,0
19,9,1,0,1,0,1,1,0,0,1,0,0,0,1,1,0
19,9,1,0,1,0,1,1,0,0,1,0,0,0,1,1,0
25,9,1,1,0,1,0,0,1,1,1,1,1,1,0,1,0
21,9,1,1,1,0,1,0,0,0,1,0,0,0,0,0,0
46,9,1,0,1,0,1,1,0,1,1,0,1,1,0,1,0
42,9,2,1,1,0,0,1,1,0,1,1,1,0,0,0,0
31,8,1,0,0,1,0,0,1,0,1,0,1,1,0,1,0
25,9,1,1,0,1,0,0,1,1,1,1,1,1,0,1,0
39,8,1,0,1,1,0,0,1,0,0,1,0,0,1,0,0
23,8,3,1,1,0,1,0,0,1,1,0,0,0,1,0,0
23,8,3,1,1,0,1,0,0,1,1,0,0,0,1,0,0
39,8,1,0,1,1,0,0,1,0,0,1,0,0,1,0,0
43,8,2,0,0,0,1,1,0,0,0,0,0,0,0,1,0
21,9,2,1,1,0,1,0,1,0,1,0,0,0,0,0,0
39,8,1,0,1,1,0,0,1,0,0,1,0,0,1,0,0
39,8,1,0,1,1,0,0,1,0,0,1,0,0,1,0,0
23,9,2,1,1,1,1,1,1,0,1,0,0,0,0,1,0
10,8,1,1,1,0,0,0,0,0,0,0,0,0,0,1,0
44,8,2,1,1,1,1,1,1,0,0,0,0,0,0,0,0
25,9,1,1,0,1,0,0,1,1,1,1,1,1,0,1,0
31,8,1,0,0,1,0,0,1,0,1,0,1,1,0,1,0
25,9,1,1,0,1,0,0,1,1,1,1,1,1,0,1,0
10,8,1,1,1,0,0,0,0,0,0,0,0,0,0,1,0
39,8,1,0,1,1,0,0,1,0,0,1,0,0,1,0,0
44,8,2,1,1,1,1,1,1,0,0,0,0,0,0,0,0
24,9,2,1,1,0,1,1,1,0,1,0,0,1,0,1,0
26,8,2,1,1,0,0,0,1,0,0,0,0,0,0,0,0
43,8,2,0,0,0,1,1,0,0,0,0,0,0,0,0,0
44,8,2,1,1,1,1,1,1,0,0,0,0,0,0,0,0
25,9,1,1,0,1,0,0,1,1,1,1,1,1,0,1,0
22,8,1,0,0,0,1,1,1,0,1,0,0,0,0,1,0
10,8,1,1,1,0,0,0,0,0,0,0,0,0,0,1,0
44,8,2,1,1,1,1,1,1,0,0,0,0,0,0,0,0
52,9,3,0,0,0,0,0,1,1,0,0,0,0,0,1,0
23,8,3,1,1,0,1,0,0,1,1,0,0,0,1,0,0
42,9,2,1,1,0,0,1,1,0,1,1,1,0,0,0,0
16,8,1,1,0,1,0,0,0,0,1,1,1,1,1,0,0
30,9,1,1,1,0,0,1,0,1,0,0,0,1,0,0,0
52,9,3,0,0,0,0,0,1,1,0,0,0,0,0,1,0
16,8,1,1,0,1,0,0,0,0,1,1,1,1,1,0,0
35,8,2,1,0,1,1,0,0,0,0,1,0,1,1,0,0
99,9,1,0,0,0,0,0,1,0,0,1,1,1,1,1,0
43,8,2,0,0,0,1,1,0,0,0,0,0,0,0,1,0
23,8,3,1,1,0,1,0,0,1,1,0,0,0,1,0,0
31,8,1,0,0,1,0,0,1,0,1,0,1,1,0,1,0
10,8,1,1,1,0,0,0,0,0,0,0,0,0,0,1,0
46,9,1,0,1,0,1,1,0,1,1,0,1,1,0,1,0
46,9,1,0,1,0,1,1,0,1,1,0,1,1,0,1,0
31,8,1,0,0,1,0,0,1,0,1,0,1,1,0,1,0
43,8,2,0,0,0,1,1,0,0,0,0,0,0,0,0,0
44,8,2,1,1,1,1,1,1,0,0,0,0,0,0,0,0
46,9,1,0,1,0,1,1,0,1,1,0,1,1,0,1,0
42,9,2,1,1,0,0,1,1,0,1,1,1,0,0,0,0
31,8,1,0,0,1,0,0,1,0,1,0,1,1,0,1,0
52,9,3,0,0,0,0,0,1,1,0,0,0,0,0,1,0
10,8,1,1,1,0,0,0,0,0,0,0,0,0,0,1,0
25,9,1,1,0,1,0,0,1,1,1,1,1,1,0,1,0
19,9,1,0,1,0,1,1,0,0,1,0,0,0,1,1,0
21,8,2,1,1,1,1,1,1,0,1,0,0,1,0,0,0
19,9,1,0,1,0,1,1,0,0,1,0,0,0,1,1,0
31,8,1,0,0,1,0,0,1,0,1,0,1,1,0,1,0
31,8,1,0,0,1,0,0,1,0,1,0,1,1,0,1,0
28,8,3,0,0,1,1,1,0,1,0,0,0,1,0,1,0
28,8,3,0,0,1,1,1,0,1,0,0,0,1,0,1,0
24,8,2,1,0,0,1,0,1,0,1,0,0,0,0,1,0
43,8,2,0,0,0,1,1,0,0,0,0,0,0,0,0,0
22,8,2,1,1,1,0,1,1,0,0,0,1,0,0,0,0
39,8,1,0,1,1,0,0,1,0,0,1,0,0,1,0,0
10,8,1,1,1,0,0,0,0,0,0,0,0,0,0,1,0
39,8,1,0,1,1,0,0,1,0,0,1,0,0,1,0,0
43,8,2,0,0,0,1,1,0,0,0,0,0,0,0,1,0
23,9,2,1,1,0,0,0,1,0,0,0,0,0,0,0,0
10,8,1,1,1,0,0,0,0,0,0,0,0,0,0,1,0
21,9,2,1,0,0,1,1,1,0,0,0,0,0,0,1,0
25,9,1,1,0,1,0,0,1,1,1,1,1,1,0,1,0
42,9,2,1,1,0,0,1,1,0,1,1,1,0,0,0,0
35,8,2,1,0,1,1,0,0,0,0,1,0,1,1,0,0
52,9,3,0,0,0,0,0,1,1,0,0,0,0,0,1,0
23,8,3,1,1,0,1,0,0,1,1,0,0,0,1,0,0
42,9,2,1,1,0,0,1,1,0,1,1,1,0,0,0,0
39,8,1,0,1,1,0,0,1,0,0,1,0,0,1,0,0
20,8,3,0,1,0,1,1,1,0,0,1,0,0,1,0,0
21,8,2,1,1,0,0,0,1,0,0,0,0,0,0,0,0
44,8,2,1,1,1,1,1,1,0,0,0,0,0,0,0,0
21,9,1,1,1,0,1,0,0,0,1,0,0,0,0,0,0
23,8,3,1,1,0,1,0,0,1,1,0,0,0,1,0,0
31,8,1,0,0,1,0,0,1,0,1,0,1,1,0,1,0
44,8,2,1,1,1,1,1,1,0,0,0,0,0,0,0,0
22,9,2,1,1,0,1,1,1,0,1,0,0,0,0,1,0
21,9,2,1,1,0,1,0,1,0,1,0,0,0,0,0,0
43,8,2,0,0,0,1,1,0,0,0,0,0,0,0,1,0
43,8,2,0,0,0,1,1,0,0,0,0,0,0,0,0,0
30,9,1,1,1,0,0,1,0,1,0,0,0,1,0,0,0
35,8,2,1,0,1,1,0,0,0,0,1,0,1,1,0,0
25,9,1,1,0,1,0,0,1,1,1,1,1,1,0,1,0
19,9,1,0,1,0,1,1,0,0,1,0,0,0,1,1,0
19,9,1,0,1,0,1,1,0,0,1,0,0,0,1,1,0
20,8,3,0,1,0,1,1,1,0,0,1,0,0,1,0,0
25,9,1,1,0,1,0,0,1,1,1,1,1,1,0,1,0
43,8,2,0,0,0,1,1,0,0,0,0,0,0,0,0,0
52,9,3,0,0,0,0,0,1,1,0,0,0,0,0,1,0
25,9,1,1,0,1,0,0,1,1,1,1,1,1,0,1,0
43,8,2,0,0,0,1,1,0,0,0,0,0,0,0,1,0
39,8,1,0,1,1,0,0,1,0,0,1,0,0,1,0,0
20,8,3,0,1,0,1,1,1,0,0,1,0,0,1,0,0
46,9,1,0,1,0,1,1,0,1,1,0,1,1,0,1,0
39,8,1,0,1,1,0,0,1,0,0,1,0,0,1,0,0
39,8,1,0,1,1,0,0,1,0,0,1,0,0,1,0,0
28,8,3,0,0,1,1,1,0,1,0,0,0,1,0,1,0
42,9,2,1,1,0,0,1,1,0,1,1,1,0,0,0,0
25,9,1,1,0,1,0,0,1,1,1,1,1,1,0,1,0
31,8,1,0,0,1,0,0,1,0,1,0,1,1,0,1,0
35,8,2,1,0,1,1,0,0,0,0,1,0,1,1,0,0
43,8,2,0,0,0,1,1,0,0,0,0,0,0,0,0,0
25,9,1,1,0,1,0,0,1,1,1,1,1,1,0,1,0
25,9,1,1,0,1,0,0,1,1,1,1,1,1,0,1,0
39,8,1,0,1,1,0,0,1,0,0,1,0,0,1,0,0
44,8,2,1,1,1,1,1,1,0,0,0,0,0,0,0,0
39,8,1,0,1,1,0,0,1,0,0,1,0,0,1,0,0
28,8,3,0,0,1,1,1,0,1,0,0,0,1,0,1,0
43,8,2,0,0,0,1,1,0,0,0,0,0,0,0,0,0
43,8,2,0,0,0,1,1,0,0,0,0,0,0,0,1,0
35,8,2,1,0,1,1,0,0,0,0,1,0,1,1,0,0
52,9,3,0,0,0,0,0,1,1,0,0,0,0,0,1,0
28,8,3,0,0,1,1,1,0,1,0,0,0,1,0,1,0
10,8,1,1,1,0,0,0,0,0,0,0,0,0,0,1,0
43,8,2,0,0,0,1,1,0,0,0,0,0,0,0,0,0
20,8,3,0,1,0,1,1,1,0,0,1,0,0,1,0,0
49,8,2,1,1,0,1,1,1,0,1,1,0,1,0,0,0
35,8,2,1,0,1,1,0,0,0,0,1,0,1,1,0,0
52,9,3,0,0,0,0,0,1,1,0,0,0,0,0,1,0
46,9,1,0,1,0,1,1,0,1,1,0,1,1,0,1,0
31,8,1,0,0,1,0,0,1,0,1,0,1,1,0,1,0
10,8,1,1,1,0,0,0,0,0,0,0,0,0,0,1,0
19,9,1,0,1,0,1,1,0,0,1,0,0,0,1,1,0
42,9,2,1,1,0,0,1,1,0,1,1,1,0,0,0,0
19,9,1,0,1,0,1,1,0,0,1,0,0,0,1,1,0
46,9,1,0,1,0,1,1,0,1,1,0,1,1,0,1,0
35,8,2,1,0,1,1,0,0,0,0,1,0,1,1,0,0
30,9,1,1,1,0,0,1,0,1,0,0,0,1,0,0,0
43,8,2,0,0,0,1,1,0,0,0,0,0,0,0,0,0
25,9,1,1,0,1,0,0,1,1,1,1,1,1,0,1,0
43,8,2,0,0,0,1,1,0,0,0,0,0,0,0,1,0
39,8,1,0,1,1,0,0,1,0,0,1,0,0,1,0,0
43,8,2,0,0,0,1,1,0,0,0,0,0,0,0,1,0
44,8,2,1,1,1,1,1,1,0,0,0,0,0,0,0,0
16,8,1,1,0,1,0,0,0,0,1,1,1,1,1,0,0
43,8,2,0,0,0,1,1,0,0,0,0,0,0,0,1,0
35,8,2,1,0,1,1,0,0,0,0,1,0,1,1,0,0
31,8,1,0,0,1,0,0,1,0,1,0,1,1,0,1,0
25,9,1,1,0,1,0,0,1,1,1,1,1,1,0,1,0
52,9,3,0,0,0,0,0,1,1,0,0,0,0,0,1,0
43,8,2,0,0,0,1,1,0,0,0,0,0,0,0,1,0
30,9,1,1,1,0,0,1,0,1,0,0,0,1,0,0,0
30,9,1,1,1,0,0,1,0,1,0,0,0,1,0,0,0
16,8,1,1,0,1,0,0,0,0,1,1,1,1,1,0,0
46,9,1,0,1,0,1,1,0,1,1,0,1,1,0,1,0
46,9,1,0,1,0,1,1,0,1,1,0,1,1,0,1,0
21,9,1,1,1,0,1,0,0,0,1,0,0,0,0,0,0
28,8,3,0,0,1,1,1,0,1,0,0,0,1,0,1,0
46,9,1,0,1,0,1,1,0,1,1,0,1,1,0,1,0
23,8,3,1,1,0,1,0,0,1,1,0,0,0,1,0,0
10,8,1,1,1,0,0,0,0,0,0,0,0,0,0,1,0
44,8,2,1,1,1,1,1,1,0,0,0,0,0,0,0,0
31,8,1,0,0,1,0,0,1,0,1,0,1,1,0,1,0
28,8,3,0,0,1,1,1,0,1,0,0,0,1,0,1,0
43,8,2,0,0,0,1,1,0,0,0,0,0,0,0,1,0
23,8,3,1,1,0,1,0,0,1,1,0,0,0,1,0,0
28,8,3,0,0,1,1,1,0,1,0,0,0,1,0,1,0
19,9,1,1,1,1,1,1,1,0,1,0,0,0,0,0,0
39,8,1,0,1,1,0,0,1,0,0,1,0,0,1,0,0
16,8,1,1,0,1,0,0,0,0,1,1,1,1,1,0,0
21,9,2,1,1,0,0,0,1,0,0,0,0,0,0,0,0
16,8,1,1,0,1,0,0,0,0,1,1,1,1,1,0,0
39,8,1,0,1,1,0,0,1,0,0,1,0,0,1,0,0
20,8,3,0,1,0,1,1,1,0,0,1,0,0,1,0,0
44,8,2,1,1,1,1,1,1,0,0,0,0,0,0,0,0
31,8,1,0,0,1,0,0,1,0,1,0,1,1,0,1,0
39,8,1,0,1,1,0,0,1,0,0,1,0,0,1,0,0
52,9,3,0,0,0,0,0,1,1,0,0,0,0,0,1,0
19,9,1,0,1,0,1,1,0,0,1,0,0,0,1,1,0
31,8,1,0,0,1,0,0,1,0,1,0,1,1,0,1,0
23,8,2,1,1,0,1,0,1,0,1,0,0,0,0,0,0
31,8,1,0,0,1,0,0,1,0,1,0,1,1,0,1,0
43,8,2,0,0,0,1,1,0,0,0,0,0,0,0,1,0
44,8,2,1,1,1,1,1,1,0,0,0,0,0,0,0,0
25,9,1,1,0,1,0,0,1,1,1,1,1,1,0,1,0
21,9,1,1,1,0,0,1,0,1,1,0,0,0,0,0,0
16,8,1,1,0,1,0,0,0,0,1,1,1,1,1,0,0
10,8,1,1,1,0,0,0,0,0,0,0,0,0,0,1,0
23,8,3,1,1,0,1,0,0,1,1,0,0,0,1,0,0
20,8,3,0,1,0,1,1,1,0,0,1,0,0,1,0,0
42,9,2,1,1,0,0,1,1,0,1,1,1,0,0,0,0
22,9,2,1,1,0,1,0,1,0,1,0,0,0,0,0,0
16,8,1,1,0,1,0,0,0,0,1,1,1,1,1,0,0
39,8,1,0,1,1,0,0,1,0,0,1,0,0,1,0,0
52,9,3,0,0,0,0,0,1,1,0,0,0,0,0,1,0
35,8,2,1,0,1,1,0,0,0,0,1,0,1,1,0,0
20,8,3,0,1,0,1,1,1,0,0,1,0,0,1,0,0
20,8,3,0,1,0,1,1,1,0,0,1,0,0,1,0,0
31,8,1,0,0,1,0,0,1,0,1,0,1,1,0,1,0
10,8,1,1,1,0,0,0,0,0,0,0,0,0,0,1,0
19,9,1,0,1,0,1,1,0,0,1,0,0,0,1,1,0
19,9,1,0,1,0,1,1,0,0,1,0,0,0,1,1,0
39,8,1,0,1,1,0,0,1,0,0,1,0,0,1,0,0
19,9,1,0,1,0,1,1,0,0,1,0,0,0,1,1,0
23,8,3,1,1,0,1,0,0,1,1,0,0,0,1,0,0
28,8,3,0,0,1,1,1,0,1,0,0,0,1,0,1,0
24,8,2,1,1,0,1,1,1,0,1,0,0,1,1,1,0
44,8,2,1,1,1,1,1,1,0,0,0,0,0,0,0,0
25,9,1,1,0,1,0,0,1,1,1,1,1,1,0,1,0
44,8,2,1,1,1,1,1,1,0,0,0,0,0,0,0,0
16,8,1,1,0,1,0,0,0,0,1,1,1,1,1,0,0
21,9,1,1,1,0,0,0,0,1,0,0,0,0,0,0,0
28,8,3,0,0,1,1,1,0,1,0,0,0,1,0,1,0
22,8,2,1,1,0,1,0,1,0,0,1,1,1,1,0,0
25,9,1,1,0,1,0,0,1,1,1,1,1,1,0,1,0
20,8,3,0,1,0,1,1,1,0,0,1,0,0,1,0,0
44,8,2,1,1,1,1,1,1,0,0,0,0,0,0,0,0
16,8,1,1,0,1,0,0,0,0,1,1,1,1,1,0,0
43,8,2,0,0,0,1,1,0,0,0,0,0,0,0,1,0
22,8,2,1,1,1,0,1,1,0,0,0,1,0,0,0,0
21,8,2,1,0,0,0,1,1,0,1,0,0,0,1,0,0
46,9,1,0,1,0,1,1,0,1,1,0,1,1,0,1,0
39,8,1,0,1,1,0,0,1,0,0,1,0,0,1,0,0
46,9,1,0,1,0,1,1,0,1,1,0,1,1,0,1,0
10,8,1,1,1,0,0,0,0,0,0,0,0,0,0,1,0
22,8,2,1,1,1,0,1,1,0,0,0,1,0,0,0,0
28,8,3,0,0,1,1,1,0,1,0,0,0,1,0,1,0
28,8,3,0,0,1,1,1,0,1,0,0,0,1,0,1,0
35,8,2,1,0,1,1,0,0,0,0,1,0,1,1,0,0
20,8,3,0,1,0,1,1,1,0,0,1,0,0,1,0,0
42,9,2,1,1,0,0,1,1,0,1,1,1,0,0,0,0
22,8,1,1,1,0,0,0,1,0,0,0,0,0,0,0,0
20,8,3,0,1,0,1,1,1,0,0,1,0,0,1,0,0
28,8,3,0,0,1,1,1,0,1,0,0,0,1,0,1,0
18,8,2,1,1,0,1,0,1,0,0,0,0,0,0,0,0
28,8,3,0,0,1,1,1,0,1,0,0,0,1,0,1,0
16,8,1,1,0,1,0,0,0,0,1,1,1,1,1,0,0
20,8,3,0,1,0,1,1,1,0,0,1,0,0,1,0,0
43,8,2,0,0,0,1,1,0,0,0,0,0,0,0,0,0
25,9,1,1,0,1,0,0,1,1,1,1,1,1,0,1,0
39,8,1,0,1,1,0,0,1,0,0,1,0,0,1,0,0
44,8,2,1,1,1,1,1,1,0,0,0,0,0,0,0,0
25,9,1,1,0,1,0,0,1,1,1,1,1,1,0,1,0
19,9,1,0,1,0,1,1,0,0,1,0,0,0,1,1,0
10,8,1,1,1,0,0,0,0,0,0,0,0,0,0,1,0
19,9,1,0,1,0,1,1,0,0,1,0,0,0,1,1,0
36,9,3,1,1,0,0,0,0,0,0,0,0,0,0,0,When my mother was dead 
25,9,1,1,0,1,0,0,1,1,1,1,1,1,0,1,0
43,8,2,0,0,0,1,1,0,0,0,0,0,0,0,1,0
42,9,2,1,1,0,0,1,1,0,1,1,1,0,0,0,0
43,8,2,0,0,0,1,1,0,0,0,0,0,0,0,1,0
52,9,3,0,0,0,0,0,1,1,0,0,0,0,0,1,0
16,8,1,1,0,1,0,0,0,0,1,1,1,1,1,0,0
25,9,1,1,0,1,0,0,1,1,1,1,1,1,0,1,0
43,8,2,0,0,0,1,1,0,0,0,0,0,0,0,1,0
20,8,3,0,1,0,1,1,1,0,0,1,0,0,1,0,0
43,8,2,0,0,0,1,1,0,0,0,0,0,0,0,0,0
21,8,1,1,0,0,1,0,1,0,1,0,0,0,0,1,0
42,9,2,1,1,0,0,1,1,0,1,1,1,0,0,0,0
30,9,1,1,1,0,0,1,0,1,0,0,0,1,0,0,0
35,8,2,1,0,1,1,0,0,0,0,1,0,1,1,0,0
19,9,1,0,1,0,1,1,0,0,1,0,0,0,1,1,0
25,9,1,1,0,1,0,0,1,1,1,1,1,1,0,1,0
19,9,1,0,1,0,1,1,0,0,1,0,0,0,1,1,0
25,9,1,1,0,1,0,0,1,1,1,1,1,1,0,1,0
30,9,1,1,1,0,0,1,0,1,0,0,0,1,0,0,0
10,8,1,1,1,0,0,0,0,0,0,0,0,0,0,1,0
44,8,2,1,1,1,1,1,1,0,0,0,0,0,0,0,0
46,9,1,0,1,0,1,1,0,1,1,0,1,1,0,1,0
23,8,3,1,1,0,1,0,0,1,1,0,0,0,1,0,0
28,8,3,0,0,1,1,1,0,1,0,0,0,1,0,1,0
23,8,3,1,1,0,1,0,0,1,1,0,0,0,1,0,0
23,8,3,1,1,0,1,0,0,1,1,0,0,0,1,0,0
28,9,1,1,0,0,1,0,1,1,1,0,0,0,0,1,0
22,8,2,1,1,1,0,1,1,0,0,0,1,0,0,0,0
31,8,1,0,0,1,0,0,1,0,1,0,1,1,0,1,0
23,8,2,1,1,1,1,1,1,0,1,0,0,0,0,0,0
10,8,1,1,1,0,0,0,0,0,0,0,0,0,0,1,0
31,8,1,0,0,1,0,0,1,0,1,0,1,1,0,1,0
25,9,1,1,0,1,0,0,1,1,1,1,1,1,0,1,0
52,9,3,0,0,0,0,0,1,1,0,0,0,0,0,1,0
23,8,3,1,1,0,1,0,0,1,1,0,0,0,1,0,0
52,9,3,0,0,0,0,0,1,1,0,0,0,0,0,1,0
20,8,3,0,1,0,1,1,1,0,0,1,0,0,1,0,0
25,9,1,1,0,1,0,0,1,1,1,1,1,1,0,1,0
43,8,2,0,0,0,1,1,0,0,0,0,0,0,0,0,0
31,8,1,0,0,1,0,0,1,0,1,0,1,1,0,1,0
16,8,1,1,0,1,0,0,0,0,1,1,1,1,1,0,0
43,8,2,0,0,0,1,1,0,0,0,0,0,0,0,1,0
43,8,2,0,0,0,1,1,0,0,0,0,0,0,0,0,0
20,8,3,0,1,0,1,1,1,0,0,1,0,0,1,0,0
46,9,1,0,1,0,1,1,0,1,1,0,1,1,0,1,0
46,9,1,0,1,0,1,1,0,1,1,0,1,1,0,1,0
20,8,3,0,1,0,1,1,1,0,0,1,0,0,1,0,0
20,8,3,0,1,0,1,1,1,0,0,1,0,0,1,0,0
20,8,3,0,1,0,1,1,1,0,0,1,0,0,1,0,0
16,8,1,1,0,1,0,0,0,0,1,1,1,1,1,0,0
43,8,2,0,0,0,1,1,0,0,0,0,0,0,0,1,0
10,8,1,1,1,0,0,0,0,0,0,0,0,0,0,1,0
43,8,2,0,0,0,1,1,0,0,0,0,0,0,0,0,0
28,8,3,0,0,1,1,1,0,1,0,0,0,1,0,1,0
31,8,1,0,0,1,0,0,1,0,1,0,1,1,0,1,0
39,8,1,0,1,1,0,0,1,0,0,1,0,0,1,0,0
42,9,2,1,1,0,0,1,1,0,1,1,1,0,0,0,0
44,8,2,1,1,1,1,1,1,0,0,0,0,0,0,0,0
28,8,3,0,0,1,1,1,0,1,0,0,0,1,0,1,0
10,8,1,1,1,0,0,0,0,0,0,0,0,0,0,1,0
10,8,1,1,1,0,0,0,0,0,0,0,0,0,0,1,0
46,9,1,0,1,0,1,1,0,1,1,0,1,1,0,1,0
42,9,2,1,1,0,0,1,1,0,1,1,1,0,0,0,0
25,9,1,1,0,1,0,0,1,1,1,1,1,1,0,1,0
44,8,2,1,1,1,1,1,1,0,0,0,0,0,0,0,0
44,8,2,1,1,1,1,1,1,0,0,0,0,0,0,0,0
16,8,1,1,0,1,0,0,0,0,1,1,1,1,1,0,0
44,8,2,1,1,1,1,1,1,0,0,0,0,0,0,0,0
23,8,3,1,1,0,1,0,0,1,1,0,0,0,1,0,0
22,8,2,1,1,1,0,1,1,0,0,0,1,0,0,0,0
44,8,2,1,1,1,1,1,1,0,0,0,0,0,0,0,0
19,9,1,0,1,0,1,1,0,0,1,0,0,0,1,1,0
28,8,3,0,0,1,1,1,0,1,0,0,0,1,0,1,0
20,8,3,0,1,0,1,1,1,0,0,1,0,0,1,0,0
43,8,2,0,0,0,1,1,0,0,0,0,0,0,0,0,0
30,9,1,1,1,0,0,1,0,1,0,0,0,1,0,0,0
31,8,1,0,0,1,0,0,1,0,1,0,1,1,0,1,0
16,8,1,1,0,1,0,0,0,0,1,1,1,1,1,0,0
21,8,2,0,0,0,0,1,1,0,1,0,0,0,0,1,0
28,8,3,0,0,1,1,1,0,1,0,0,0,1,0,1,0
52,9,3,0,0,0,0,0,1,1,0,0,0,0,0,1,0
44,8,2,1,1,1,1,1,1,0,0,0,0,0,0,0,0
23,8,3,1,1,0,1,0,0,1,1,0,0,0,1,0,0
30,9,1,1,1,0,0,1,0,1,0,0,0,1,0,0,0
19,9,1,0,1,0,1,1,0,0,1,0,0,0,1,1,0
43,8,2,0,0,0,1,1,0,0,0,0,0,0,0,1,0
46,9,1,0,1,0,1,1,0,1,1,0,1,1,0,1,0
21,9,2,1,1,0,0,0,1,0,0,0,0,0,0,0,0
31,8,1,0,0,1,0,0,1,0,1,0,1,1,0,1,0
22,9,2,1,1,1,1,0,1,0,1,0,0,0,0,1,0
28,8,3,0,0,1,1,1,0,1,0,0,0,1,0,1,0
25,9,1,1,0,1,0,0,1,1,1,1,1,1,0,1,0
42,9,2,1,1,0,0,1,1,0,1,1,1,0,0,0,0
34,9,1,1,1,0,0,0,0,0,0,0,0,0,0,0,My mother's death 
16,8,1,1,0,1,0,0,0,0,1,1,1,1,1,0,0
16,8,1,1,0,1,0,0,0,0,1,1,1,1,1,0,0
44,8,2,1,1,1,1,1,1,0,0,0,0,0,0,0,0
30,9,1,1,1,0,0,1,0,1,0,0,0,1,0,0,0
31,8,1,0,0,1,0,0,1,0,1,0,1,1,0,1,0
30,9,1,1,1,0,0,1,0,1,0,0,0,1,0,0,0
35,8,2,1,0,1,1,0,0,0,0,1,0,1,1,0,0
25,9,1,1,0,1,0,0,1,1,1,1,1,1,0,1,0
43,8,2,0,0,0,1,1,0,0,0,0,0,0,0,1,0
23,8,3,1,1,0,1,0,0,1,1,0,0,0,1,0,0
23,8,3,1,1,0,1,0,0,1,1,0,0,0,1,0,0
25,9,1,1,0,1,0,0,1,1,1,1,1,1,0,1,0
52,9,3,0,0,0,0,0,1,1,0,0,0,0,0,1,0
25,9,1,1,0,1,0,0,1,1,1,1,1,1,0,1,0
46,9,1,0,1,0,1,1,0,1,1,0,1,1,0,1,0
46,9,1,0,1,0,1,1,0,1,1,0,1,1,0,1,0
52,9,3,0,0,0,0,0,1,1,0,0,0,0,0,1,0
28,8,3,0,0,1,1,1,0,1,0,0,0,1,0,1,0
35,8,2,1,0,1,1,0,0,0,0,1,0,1,1,0,0
39,8,1,0,1,1,0,0,1,0,0,1,0,0,1,0,0
20,8,3,0,1,0,1,1,1,0,0,1,0,0,1,0,0
22,8,2,1,1,1,0,1,1,0,0,0,1,0,0,0,0
35,8,2,1,0,1,1,0,0,0,0,1,0,1,1,0,0
10,8,1,1,1,0,0,0,0,0,0,0,0,0,0,1,0
30,9,1,1,1,0,0,1,0,1,0,0,0,1,0,0,0
35,8,2,1,0,1,1,0,0,0,0,1,0,1,1,0,0
30,9,1,1,1,0,0,1,0,1,0,0,0,1,0,0,0
44,8,2,1,1,1,1,1,1,0,0,0,0,0,0,0,0
43,8,2,0,0,0,1,1,0,0,0,0,0,0,0,0,0
19,9,1,0,1,0,1,1,0,0,1,0,0,0,1,1,0
46,9,1,0,1,0,1,1,0,1,1,0,1,1,0,1,0
43,8,2,0,0,0,1,1,0,0,0,0,0,0,0,0,0
31,8,1,0,0,1,0,0,1,0,1,0,1,1,0,1,0
30,9,1,1,1,0,0,1,0,1,0,0,0,1,0,0,0
18,8,2,1,1,0,1,0,1,0,0,0,0,0,0,0,0
23,8,3,1,1,0,1,0,0,1,1,0,0,0,1,0,0
10,8,1,1,1,0,0,0,0,0,0,0,0,0,0,1,0
39,8,1,0,1,1,0,0,1,0,0,1,0,0,1,0,0
23,9,2,1,1,0,1,0,1,0,1,0,0,0,0,0,0
19,9,1,0,1,0,1,1,0,0,1,0,0,0,1,1,0
10,8,1,1,1,0,0,0,0,0,0,0,0,0,0,1,0
20,8,3,0,1,0,1,1,1,0,0,1,0,0,1,0,0
39,8,1,0,1,1,0,0,1,0,0,1,0,0,1,0,0
18,8,2,0,1,0,1,1,1,0,1,0,0,0,0,1,0
31,8,1,0,0,1,0,0,1,0,1,0,1,1,0,1,0
21,8,2,0,0,0,1,1,1,0,1,0,0,0,0,1,0
21,8,1,1,1,0,0,1,0,1,1,0,0,0,0,0,0
46,9,1,0,1,0,1,1,0,1,1,0,1,1,0,1,0
23,8,3,1,1,0,1,0,0,1,1,0,0,0,1,0,0
39,8,1,0,1,1,0,0,1,0,0,1,0,0,1,0,0
28,8,3,0,0,1,1,1,0,1,0,0,0,1,0,1,0
44,8,2,1,1,1,1,1,1,0,0,0,0,0,0,0,0
28,8,3,0,0,1,1,1,0,1,0,0,0,1,0,1,0
43,8,2,0,0,0,1,1,0,0,0,0,0,0,0,0,0
23,8,3,1,1,0,1,0,0,1,1,0,0,0,1,0,0
43,8,2,0,0,0,1,1,0,0,0,0,0,0,0,0,0
44,8,2,1,1,1,1,1,1,0,0,0,0,0,0,0,0
43,8,2,0,0,0,1,1,0,0,0,0,0,0,0,0,0
23,8,3,1,1,0,1,0,0,1,1,0,0,0,1,0,0
16,8,1,1,0,1,0,0,0,0,1,1,1,1,1,0,0
19,8,3,1,1,0,1,0,0,1,1,0,0,1,0,1,Corona virus 
30,9,1,1,1,0,0,1,0,1,0,0,0,1,0,0,0
39,8,1,0,1,1,0,0,1,0,0,1,0,0,1,0,0
25,9,1,1,0,1,0,0,1,1,1,1,1,1,0,1,0
10,8,1,1,1,0,0,0,0,0,0,0,0,0,0,1,0
46,9,1,0,1,0,1,1,0,1,1,0,1,1,0,1,0
16,8,1,1,0,1,0,0,0,0,1,1,1,1,1,0,0
44,8,2,1,1,1,1,1,1,0,0,0,0,0,0,0,0
31,8,1,0,0,1,0,0,1,0,1,0,1,1,0,1,0
10,8,1,1,1,0,0,0,0,0,0,0,0,0,0,1,0
10,8,1,1,1,0,0,0,0,0,0,0,0,0,0,1,0
25,9,1,1,0,1,0,0,1,1,1,1,1,1,0,1,0
39,8,1,0,1,1,0,0,1,0,0,1,0,0,1,0,0
42,9,2,1,1,0,0,1,1,0,1,1,1,0,0,0,0
23,8,3,1,1,0,1,0,0,1,1,0,0,0,1,0,0
31,8,1,0,0,1,0,0,1,0,1,0,1,1,0,1,0
30,9,1,1,1,0,0,1,0,1,0,0,0,1,0,0,0
31,8,1,0,0,1,0,0,1,0,1,0,1,1,0,1,0
52,9,3,0,0,0,0,0,1,1,0,0,0,0,0,1,0
43,8,2,0,0,0,1,1,0,0,0,0,0,0,0,1,0
35,8,2,1,0,1,1,0,0,0,0,1,0,1,1,0,0
23,8,3,1,1,0,1,0,0,1,1,0,0,0,1,0,0
10,8,1,1,1,0,0,0,0,0,0,0,0,0,0,1,0
39,8,1,0,1,1,0,0,1,0,0,1,0,0,1,0,0
10,8,1,1,1,0,0,0,0,0,0,0,0,0,0,1,0
25,9,1,1,0,1,0,0,1,1,1,1,1,1,0,1,0
28,8,3,0,0,1,1,1,0,1,0,0,0,1,0,1,0
19,9,1,0,1,0,1,1,0,0,1,0,0,0,1,1,0
44,8,2,1,1,1,1,1,1,0,0,0,0,0,0,0,0
31,8,1,0,0,1,0,0,1,0,1,0,1,1,0,1,0
43,8,2,0,0,0,1,1,0,0,0,0,0,0,0,1,0
25,9,1,1,0,1,0,0,1,1,1,1,1,1,0,1,0
22,8,2,1,1,1,0,1,1,0,0,0,1,0,0,0,0
10,8,1,1,1,0,0,0,0,0,0,0,0,0,0,1,0
23,8,3,1,1,0,1,0,0,1,1,0,0,0,1,0,0
25,9,1,1,0,1,0,0,1,1,1,1,1,1,0,1,0
16,8,1,1,0,1,0,0,0,0,1,1,1,1,1,0,0
30,9,1,1,1,0,0,1,0,1,0,0,0,1,0,0,0
42,9,2,1,1,0,0,1,1,0,1,1,1,0,0,0,0
19,9,1,0,1,0,1,1,0,0,1,0,0,0,1,1,0
19,9,1,0,1,0,1,1,0,0,1,0,0,0,1,1,0
39,8,1,0,1,1,0,0,1,0,0,1,0,0,1,0,0
24,8,2,0,1,0,0,0,1,0,0,0,0,1,0,0,0
23,8,3,1,1,0,1,0,0,1,1,0,0,0,1,0,0
20,8,2,1,1,0,0,0,1,0,1,0,0,0,0,0,0
31,8,1,0,0,1,0,0,1,0,1,0,1,1,0,1,0
10,8,1,1,1,0,0,0,0,0,0,0,0,0,0,1,0
28,8,3,0,0,1,1,1,0,1,0,0,0,1,0,1,0
25,9,1,1,0,1,0,0,1,1,1,1,1,1,0,1,0
52,9,3,0,0,0,0,0,1,1,0,0,0,0,0,1,0
44,8,2,1,1,1,1,1,1,0,0,0,0,0,0,0,0
19,9,1,0,1,0,1,1,0,0,1,0,0,0,1,1,0
43,8,2,0,0,0,1,1,0,0,0,0,0,0,0,1,0
25,9,1,1,0,1,0,0,1,1,1,1,1,1,0,1,0
10,8,1,1,1,0,0,0,0,0,0,0,0,0,0,1,0
44,8,2,1,1,1,1,1,1,0,0,0,0,0,0,0,0
28,8,3,0,0,1,1,1,0,1,0,0,0,1,0,1,0
52,9,3,0,0,0,0,0,1,1,0,0,0,0,0,1,0
31,8,1,0,0,1,0,0,1,0,1,0,1,1,0,1,0
19,9,1,0,1,0,1,1,0,0,1,0,0,0,1,1,0
46,9,1,0,1,0,1,1,0,1,1,0,1,1,0,1,0
43,8,2,0,0,0,1,1,0,0,0,0,0,0,0,0,0
28,8,3,0,0,1,1,1,0,1,0,0,0,1,0,1,0
22,8,2,1,1,1,0,1,1,0,0,0,1,0,0,0,0
44,8,2,1,1,1,1,1,1,0,0,0,0,0,0,0,0
43,8,2,0,0,0,1,1,0,0,0,0,0,0,0,0,0
10,8,1,1,1,0,0,0,0,0,0,0,0,0,0,1,0
44,8,2,1,1,1,1,1,1,0,0,0,0,0,0,0,0
31,8,1,0,0,1,0,0,1,0,1,0,1,1,0,1,0
28,8,3,0,0,1,1,1,0,1,0,0,0,1,0,1,0
35,8,2,1,0,1,1,0,0,0,0,1,0,1,1,0,0
52,9,3,0,0,0,0,0,1,1,0,0,0,0,0,1,0
43,8,2,0,0,0,1,1,0,0,0,0,0,0,0,1,0
46,9,1,0,1,0,1,1,0,1,1,0,1,1,0,1,0
25,9,1,1,0,1,0,0,1,1,1,1,1,1,0,1,0
39,8,1,0,1,1,0,0,1,0,0,1,0,0,1,0,0
23,8,3,1,1,0,1,0,0,1,1,0,0,0,1,0,0
25,9,1,1,0,1,0,0,1,1,1,1,1,1,0,1,0
39,8,1,0,1,1,0,0,1,0,0,1,0,0,1,0,0
23,9,2,1,1,0,1,1,1,0,1,0,0,0,0,1,0
46,9,1,0,1,0,1,1,0,1,1,0,1,1,0,1,0
19,9,1,0,1,0,1,1,0,0,1,0,0,0,1,1,0
25,9,1,1,0,1,0,0,1,1,1,1,1,1,0,1,0
16,8,1,1,0,1,0,0,0,0,1,1,1,1,1,0,0
43,8,2,0,0,0,1,1,0,0,0,0,0,0,0,1,0
28,8,3,0,0,1,1,1,0,1,0,0,0,1,0,1,0
44,8,2,1,1,1,1,1,1,0,0,0,0,0,0,0,0
20,8,2,1,1,0,0,0,1,0,0,0,0,0,0,0,0
19,9,1,0,1,0,1,1,0,0,1,0,0,0,1,1,0
43,8,2,0,0,0,1,1,0,0,0,0,0,0,0,1,0
52,9,3,0,0,0,0,0,1,1,0,0,0,0,0,1,0
16,8,1,1,0,1,0,0,0,0,1,1,1,1,1,0,0
30,9,1,1,1,0,0,1,0,1,0,0,0,1,0,0,0
23,8,3,1,1,0,1,0,0,1,1,0,0,0,1,0,0
43,8,2,0,0,0,1,1,0,0,0,0,0,0,0,1,0
21,8,2,1,1,0,1,0,1,0,1,0,0,0,0,0,0
10,8,1,1,1,0,0,0,0,0,0,0,0,0,0,1,0
19,9,2,1,0,1,1,1,1,0,1,0,0,0,0,1,0
43,8,2,0,0,0,1,1,0,0,0,0,0,0,0,1,0
30,9,1,1,1,0,0,1,0,1,0,0,0,1,0,0,0
16,8,1,1,0,1,0,0,0,0,1,1,1,1,1,0,0
52,9,3,0,0,0,0,0,1,1,0,0,0,0,0,1,0
20,8,2,0,1,0,0,1,1,0,1,0,0,0,0,1,0
43,8,2,0,0,0,1,1,0,0,0,0,0,0,0,0,0
22,8,2,1,1,0,1,1,1,0,1,0,0,0,0,1,0
30,9,1,1,1,0,0,1,0,1,0,0,0,1,0,0,0
43,8,2,0,0,0,1,1,0,0,0,0,0,0,0,1,0
52,9,3,0,0,0,0,0,1,1,0,0,0,0,0,1,0
35,8,2,1,0,1,1,0,0,0,0,1,0,1,1,0,0
25,9,1,1,0,1,0,0,1,1,1,1,1,1,0,1,0
31,8,1,0,0,1,0,0,1,0,1,0,1,1,0,1,0
42,9,2,1,1,0,0,1,1,0,1,1,1,0,0,0,0
19,9,1,0,1,0,1,1,0,0,1,0,0,0,1,1,0
35,8,2,1,0,1,1,0,0,0,0,1,0,1,1,0,0
10,8,1,1,1,0,0,0,0,0,0,0,0,0,0,1,0
42,9,2,1,1,0,0,1,1,0,1,1,1,0,0,0,0
28,8,3,0,0,1,1,1,0,1,0,0,0,1,0,1,0
23,8,3,1,1,0,1,0,0,1,1,0,0,0,1,0,0
20,8,3,0,1,0,1,1,1,0,0,1,0,0,1,0,0
25,9,1,1,0,1,0,0,1,1,1,1,1,1,0,1,0
21,9,2,1,1,1,0,0,0,1,1,0,0,0,0,0,0
16,8,1,1,0,1,0,0,0,0,1,1,1,1,1,0,0
43,8,2,0,0,0,1,1,0,0,0,0,0,0,0,1,0
31,8,1,0,0,1,0,0,1,0,1,0,1,1,0,1,0
23,8,3,1,1,0,1,0,0,1,1,0,0,0,1,0,0
25,9,1,1,0,1,0,0,1,1,1,1,1,1,0,1,0
30,9,1,1,1,0,0,1,0,1,0,0,0,1,0,0,0
35,8,2,1,0,1,1,0,0,0,0,1,0,1,1,0,0
37,9,2,1,1,0,0,0,1,0,0,0,0,0,0,0,0
20,8,3,0,1,0,1,1,1,0,0,1,0,0,1,0,0
44,8,2,1,1,1,1,1,1,0,0,0,0,0,0,0,0
10,8,1,1,1,0,0,0,0,0,0,0,0,0,0,1,0
35,8,2,1,0,1,1,0,0,0,0,1,0,1,1,0,0
23,8,2,1,1,0,0,0,1,0,1,0,0,0,0,0,0
23,8,3,1,1,0,1,0,0,1,1,0,0,0,1,0,0
9,8,2,1,1,0,0,0,1,0,0,0,0,0,0,0,0
10,8,1,1,1,0,0,0,0,0,0,0,0,0,0,1,0
16,8,1,1,0,1,0,0,0,0,1,1,1,1,1,0,0
20,8,3,0,1,0,1,1,1,0,0,1,0,0,1,0,0
44,8,2,1,1,1,1,1,1,0,0,0,0,0,0,0,0
31,8,1,0,0,1,0,0,1,0,1,0,1,1,0,1,0
25,9,1,1,0,1,0,0,1,1,1,1,1,1,0,1,0
24,8,2,1,1,0,0,0,1,0,1,0,0,0,0,0,0
43,8,2,0,0,0,1,1,0,0,0,0,0,0,0,1,0
20,8,3,0,1,0,1,1,1,0,0,1,0,0,1,0,0
23,8,3,1,1,0,1,0,0,1,1,0,0,0,1,0,0
25,9,1,1,0,1,0,0,1,1,1,1,1,1,0,1,0
20,8,3,0,1,0,1,1,1,0,0,1,0,0,1,0,0
42,9,2,1,1,0,0,1,1,0,1,1,1,0,0,0,0
43,8,2,0,0,0,1,1,0,0,0,0,0,0,0,0,0
10,8,1,1,1,0,0,0,0,0,0,0,0,0,0,1,0
43,8,2,0,0,0,1,1,0,0,0,0,0,0,0,0,0
42,9,2,1,1,0,0,1,1,0,1,1,1,0,0,0,0
52,9,3,0,0,0,0,0,1,1,0,0,0,0,0,1,0
16,8,1,1,0,1,0,0,0,0,1,1,1,1,1,0,0
28,8,3,0,0,1,1,1,0,1,0,0,0,1,0,1,0
39,8,1,0,1,1,0,0,1,0,0,1,0,0,1,0,0
19,9,1,0,1,0,1,1,0,0,1,0,0,0,1,1,0
16,8,1,1,0,1,0,0,0,0,1,1,1,1,1,0,0
20,8,3,0,1,0,1,1,1,0,0,1,0,0,1,0,0
39,8,1,0,1,1,0,0,1,0,0,1,0,0,1,0,0
19,9,1,0,1,0,1,1,0,0,1,0,0,0,1,1,0
31,8,1,0,0,1,0,0,1,0,1,0,1,1,0,1,0
39,8,1,0,1,1,0,0,1,0,0,1,0,0,1,0,0
44,8,2,1,1,1,1,1,1,0,0,0,0,0,0,0,0
46,9,1,0,1,0,1,1,0,1,1,0,1,1,0,1,0
43,8,2,0,0,0,1,1,0,0,0,0,0,0,0,0,0
30,9,1,1,1,0,0,1,0,1,0,0,0,1,0,0,0
43,8,2,0,0,0,1,1,0,0,0,0,0,0,0,1,0
21,9,2,1,1,1,0,0,1,0,1,0,0,0,0,0,0
42,9,2,1,1,0,0,1,1,0,1,1,1,0,0,0,0
42,9,2,1,1,0,0,1,1,0,1,1,1,0,0,0,0
39,8,1,0,1,1,0,0,1,0,0,1,0,0,1,0,0
42,9,2,1,1,0,0,1,1,0,1,1,1,0,0,0,0
25,9,1,1,0,1,0,0,1,1,1,1,1,1,0,1,0
23,8,3,1,1,0,1,0,0,1,1,0,0,0,1,0,0
20,8,3,0,1,0,1,1,1,0,0,1,0,0,1,0,0
43,8,2,0,0,0,1,1,0,0,0,0,0,0,0,0,0
42,9,2,1,1,0,0,1,1,0,1,1,1,0,0,0,0
43,8,2,0,0,0,1,1,0,0,0,0,0,0,0,1,0
19,9,1,0,1,0,1,1,0,0,1,0,0,0,1,1,0
23,8,3,1,1,0,1,0,0,1,1,0,0,0,1,0,0
10,8,1,1,1,0,0,0,0,0,0,0,0,0,0,1,0
19,9,1,0,1,0,1,1,0,0,1,0,0,0,1,1,0
42,9,2,1,1,0,0,1,1,0,1,1,1,0,0,0,0
28,8,3,0,0,1,1,1,0,1,0,0,0,1,0,1,0
21,8,3,1,1,0,0,1,1,0,1,0,0,1,0,0,0
19,9,1,0,1,0,1,1,0,0,1,0,0,0,1,1,0
16,8,1,1,0,1,0,0,0,0,1,1,1,1,1,0,0
25,9,1,1,0,1,0,0,1,1,1,1,1,1,0,1,0
52,9,3,0,0,0,0,0,1,1,0,0,0,0,0,1,0
21,8,2,1,1,0,0,0,1,0,1,0,0,0,0,0,0
28,8,3,0,0,1,1,1,0,1,0,0,0,1,0,1,0
22,8,2,1,1,0,1,1,1,0,1,0,0,0,0,0,0
23,8,3,1,1,0,1,0,0,1,1,0,0,0,1,0,0
20,8,3,0,1,0,1,1,1,0,0,1,0,0,1,0,0
19,9,1,0,1,0,1,1,0,0,1,0,0,0,1,1,0
35,8,2,1,0,1,1,0,0,0,0,1,0,1,1,0,0
25,9,1,1,0,1,0,0,1,1,1,1,1,1,0,1,0
25,9,1,1,0,1,0,0,1,1,1,1,1,1,0,1,0
25,9,1,1,0,1,0,0,1,1,1,1,1,1,0,1,0
20,8,3,0,1,0,1,1,1,0,0,1,0,0,1,0,0
24,8,3,1,1,0,1,0,0,0,1,0,0,0,0,0,Relationship issue
25,9,1,1,0,1,0,0,1,1,1,1,1,1,0,1,0
31,8,1,0,0,1,0,0,1,0,1,0,1,1,0,1,0
25,9,1,1,0,1,0,0,1,1,1,1,1,1,0,1,0
16,8,1,1,0,1,0,0,0,0,1,1,1,1,1,0,0
52,9,3,0,0,0,0,0,1,1,0,0,0,0,0,1,0
31,8,1,0,0,1,0,0,1,0,1,0,1,1,0,1,0
25,9,1,1,0,1,0,0,1,1,1,1,1,1,0,1,0
35,8,2,1,0,1,1,0,0,0,0,1,0,1,1,0,0
25,9,1,1,0,1,0,0,1,1,1,1,1,1,0,1,0
30,9,1,1,1,0,0,1,0,1,0,0,0,1,0,0,0
30,9,1,1,1,0,0,1,0,1,0,0,0,1,0,0,0
24,9,2,1,0,0,1,0,1,0,0,0,0,0,0,0,0
31,8,1,0,0,1,0,0,1,0,1,0,1,1,0,1,0
39,8,1,0,1,1,0,0,1,0,0,1,0,0,1,0,0
